ARM GAS  font_5x9.s 			page 1


   1              	/*******************************************************************************
   2              	*
   3              	* 5x9 font, fixed width for Paul's Weather Station project
   4              	*
   5              	* Copyright (c) 2022
   6              	*
   7              	*******************************************************************************/
   8              	
   9              	/*******************************************************************************
  10              	*
  11              	* Revision History
  12              	* ----------------------------------------------
  13              	* 10h	 4/8/22		PMW	Initial creation
  14              	* 11h	 7/3/22		PMW	Flushed out the rest of the ASCII characters
  15              	*
  16              	*******************************************************************************/
  17              	
  18              	// External reference
  19              	
  20              			.global  Font5x9
  21              	
  22              	// Equates (i.e. defines)
  23              	
  24              			.equ	NULL, 0
  25              			.equ	CELLWDTH, 6
  26              			.equ	CELLHGHT, 10
  27              	
  28              	// Data Section
  29              	
  30              			.data
  31              	
  32              			.align	2
  33              	
  34              	/*******************************************************************************
  35              	*
  36              	* Font information, must be at beginning of font file
  37              	*
  38              	*******************************************************************************/
  39              	
  40              	Font5x9:
  41              	
  42 0000 10000000 			.word	STRING			// String font name offset
  43 0004 28000000 			.word	TABLE			// ASCII character table of offset addresses
  44 0008 06000000 			.word	CELLWDTH		// cell pixel width
  45 000c 0A000000 			.word	CELLHGHT		// cell pixel height
  46              	
  47              	/*******************************************************************************
  48              	*
  49              	* Font string name
  50              	*
  51              	*******************************************************************************/
  52              	
  53              	STRING:
  54              	
  55 0010 35783920 			.asciz	"5x9 font, fixed width"
  55      666F6E74 
  55      2C206669 
ARM GAS  font_5x9.s 			page 2


  55      78656420 
  55      77696474 
  56              	
  57 0026 0000     			.align	2
  58              	
  59              	/*******************************************************************************
  60              	*
  61              	* ASCII character table of offset addresses
  62              	*
  63              	* There is one entry for each of 128 ASCII characters
  64              	* A null entry means there is no gyph associated with that entry
  65              	*
  66              	*******************************************************************************/
  67              	
  68              	TABLE:
  69 0028 00000000 			.word	NULL			// 00h - null, can't be used as it's string terminator
  70 002c 00000000 			.word	NULL			// 01h
  71 0030 00000000 			.word	NULL			// 02h
  72 0034 00000000 			.word	NULL			// 03h
  73 0038 00000000 			.word	NULL			// 04h
  74 003c 00000000 			.word	NULL			// 05h
  75 0040 00000000 			.word	NULL			// 06h
  76 0044 00000000 			.word	NULL			// 07h
  77 0048 00000000 			.word	NULL			// 08h
  78 004c 00000000 			.word	NULL			// 09h
  79 0050 00000000 			.word	NULL			// 0Ah
  80 0054 00000000 			.word	NULL			// 0Bh
  81 0058 00000000 			.word	NULL			// 0Ch
  82 005c 00000000 			.word	NULL			// 0Dh
  83 0060 00000000 			.word	NULL			// 0Eh
  84 0064 00000000 			.word	NULL			// 0Fh
  85 0068 00000000 			.word	NULL			// 10h
  86 006c 00000000 			.word	NULL			// 11h
  87 0070 00000000 			.word	NULL			// 12h
  88 0074 00000000 			.word	NULL			// 13h
  89 0078 00000000 			.word	NULL			// 14h
  90 007c 00000000 			.word	NULL			// 15h
  91 0080 00000000 			.word	NULL			// 16h
  92 0084 00000000 			.word	NULL			// 17h
  93 0088 00000000 			.word	NULL			// 18h
  94 008c 00000000 			.word	NULL			// 19h
  95 0090 00000000 			.word	NULL			// 1Ah
  96 0094 00000000 			.word	NULL			// 1Bh
  97 0098 00000000 			.word	NULL			// 1Ch
  98 009c 00000000 			.word	NULL			// 1Dh
  99 00a0 00000000 			.word	NULL			// 1Eh
 100 00a4 00000000 			.word	NULL			// 1Fh
 101 00a8 28040000 			.word	SPACE			// <space>
 102 00ac 4C040000 			.word	EXCLAMATION_MARK	// !
 103 00b0 94040000 			.word	QUOTE_MARK		// "
 104 00b4 C0040000 			.word	NUMBER_SIGN		// #
 105 00b8 00050000 			.word	DOLLAR_SIGN		// $
 106 00bc 48050000 			.word	PERCENT_SIGN		// %
 107 00c0 90050000 			.word	AMPERSAND		// &
 108 00c4 D8050000 			.word	APOSTROPHE		// '
 109 00c8 08060000 			.word	LEFT_PAREN		// (
 110 00cc 50060000 			.word	RIGHT_PAREN		// )
ARM GAS  font_5x9.s 			page 3


 111 00d0 98060000 			.word	ASTERISK		// *
 112 00d4 D8060000 			.word	PLUS_SIGN		// +
 113 00d8 10070000 			.word	COMMA			// ,
 114 00dc 40070000 			.word	MINUS_SIGN		// -
 115 00e0 68070000 			.word	PERIOD			// .
 116 00e4 90070000 			.word	FORWARD_SLASH		// /
 117 00e8 D8070000 			.word	ZERO			// 0
 118 00ec 20080000 			.word	ONE			// 1
 119 00f0 68080000 			.word	TWO			// 2
 120 00f4 B0080000 			.word	THREE			// 3
 121 00f8 F8080000 			.word	FOUR			// 4
 122 00fc 40090000 			.word	FIVE			// 5
 123 0100 88090000 			.word	SIX			// 6
 124 0104 D0090000 			.word	SEVEN			// 7
 125 0108 180A0000 			.word	EIGHT			// 8
 126 010c 600A0000 			.word	NINE			// 9
 127 0110 A80A0000 			.word	COLON			// :
 128 0114 E00A0000 			.word	SEMI_COLON		// ;
 129 0118 200B0000 			.word	LESS_THAN_SIGN		// <
 130 011c 600B0000 			.word	EQUAL_SIGN		// =
 131 0120 900B0000 			.word	GREATER_THAN_SIGN	// >
 132 0124 D00B0000 			.word	QUESTION_MARK		// ?
 133 0128 180C0000 			.word	AT_SIGN			// @
 134 012c 5C0C0000 			.word	UPPERCASE_A		// A
 135 0130 A40C0000 			.word	UPPERCASE_B		// B
 136 0134 EC0C0000 			.word	UPPERCASE_C		// C
 137 0138 340D0000 			.word	UPPERCASE_D		// D
 138 013c 7C0D0000 			.word	UPPERCASE_E		// E
 139 0140 C40D0000 			.word	UPPERCASE_F		// F
 140 0144 0C0E0000 			.word	UPPERCASE_G		// G
 141 0148 540E0000 			.word	UPPERCASE_H		// H
 142 014c 9C0E0000 			.word	UPPERCASE_I		// I
 143 0150 E40E0000 			.word	UPPERCASE_J		// J
 144 0154 2C0F0000 			.word	UPPERCASE_K		// K
 145 0158 740F0000 			.word	UPPERCASE_L		// L
 146 015c BC0F0000 			.word	UPPERCASE_M		// M
 147 0160 04100000 			.word	UPPERCASE_N		// N
 148 0164 4C100000 			.word	UPPERCASE_O		// O
 149 0168 94100000 			.word	UPPERCASE_P		// P
 150 016c DC100000 			.word	UPPERCASE_Q		// Q
 151 0170 24110000 			.word	UPPERCASE_R		// R
 152 0174 6C110000 			.word	UPPERCASE_S		// S
 153 0178 B4110000 			.word	UPPERCASE_T		// T
 154 017c FC110000 			.word	UPPERCASE_U		// U
 155 0180 44120000 			.word	UPPERCASE_V		// V
 156 0184 8C120000 			.word	UPPERCASE_W		// W
 157 0188 D4120000 			.word	UPPERCASE_X		// X
 158 018c 1C130000 			.word	UPPERCASE_Y		// Y
 159 0190 64130000 			.word	UPPERCASE_Z		// Z
 160 0194 AC130000 			.word	LEFT_SQUARE_BRACKET	// [
 161 0198 F4130000 			.word	BACK_SLASH		// \
 162 019c 3C140000 			.word	RIGHT_SQUARE_BRACKET	// ]
 163 01a0 84140000 			.word	CARROT			// ^
 164 01a4 B4140000 			.word	UNDERSCORE		// _
 165 01a8 DC140000 			.word	ACCENT_MARK		// `
 166 01ac 0C150000 			.word	LOWERCASE_A		// a
 167 01b0 48150000 			.word	LOWERCASE_B		// b
ARM GAS  font_5x9.s 			page 4


 168 01b4 90150000 			.word	LOWERCASE_C		// c
 169 01b8 CC150000 			.word	LOWERCASE_D		// d
 170 01bc 14160000 			.word	LOWERCASE_E		// e
 171 01c0 50160000 			.word	LOWERCASE_F		// f
 172 01c4 98160000 			.word	LOWERCASE_G		// g
 173 01c8 D8160000 			.word	LOWERCASE_H		// h
 174 01cc 20170000 			.word	LOWERCASE_I		// i
 175 01d0 64170000 			.word	LOWERCASE_J		// j
 176 01d4 AC170000 			.word	LOWERCASE_K		// k
 177 01d8 F4170000 			.word	LOWERCASE_L		// l
 178 01dc 3C180000 			.word	LOWERCASE_M		// m
 179 01e0 78180000 			.word	LOWERCASE_N		// n
 180 01e4 B4180000 			.word	LOWERCASE_O		// o
 181 01e8 F0180000 			.word	LOWERCASE_P		// p
 182 01ec 30190000 			.word	LOWERCASE_Q		// q
 183 01f0 70190000 			.word	LOWERCASE_R		// r
 184 01f4 AC190000 			.word	LOWERCASE_S		// s
 185 01f8 E8190000 			.word	LOWERCASE_T		// t
 186 01fc 301A0000 			.word	LOWERCASE_U		// u
 187 0200 6C1A0000 			.word	LOWERCASE_V		// v
 188 0204 A81A0000 			.word	LOWERCASE_W		// w
 189 0208 E41A0000 			.word	LOWERCASE_X		// x
 190 020c 201B0000 			.word	LOWERCASE_Y		// y
 191 0210 601B0000 			.word	LOWERCASE_Z		// z
 192 0214 9C1B0000 			.word	LEFT_CURLY_BRACKET	// {
 193 0218 E41B0000 			.word	VERTCIAL_LINE		// |
 194 021c 2C1C0000 			.word	RIGHT_CURLY_BRACKET	// }
 195 0220 741C0000 			.word	TILDE			// ~
 196 0224 00000000 			.word	NULL			// <delete>
 197 0228 00000000 			.word	NULL
 198 022c 00000000 			.word	NULL
 199 0230 00000000 			.word	NULL
 200 0234 00000000 			.word	NULL
 201 0238 00000000 			.word	NULL
 202 023c 00000000 			.word	NULL
 203 0240 00000000 			.word	NULL
 204 0244 00000000 			.word	NULL
 205 0248 00000000 			.word	NULL
 206 024c 00000000 			.word	NULL
 207 0250 00000000 			.word	NULL
 208 0254 00000000 			.word	NULL
 209 0258 00000000 			.word	NULL
 210 025c 00000000 			.word	NULL
 211 0260 00000000 			.word	NULL
 212 0264 00000000 			.word	NULL
 213 0268 00000000 			.word	NULL
 214 026c 00000000 			.word	NULL
 215 0270 00000000 			.word	NULL
 216 0274 00000000 			.word	NULL
 217 0278 00000000 			.word	NULL
 218 027c 00000000 			.word	NULL
 219 0280 00000000 			.word	NULL
 220 0284 00000000 			.word	NULL
 221 0288 00000000 			.word	NULL
 222 028c 00000000 			.word	NULL
 223 0290 00000000 			.word	NULL
 224 0294 00000000 			.word	NULL
ARM GAS  font_5x9.s 			page 5


 225 0298 00000000 			.word	NULL
 226 029c 00000000 			.word	NULL
 227 02a0 00000000 			.word	NULL
 228 02a4 00000000 			.word	NULL
 229 02a8 00000000 			.word	NULL
 230 02ac 00000000 			.word	NULL
 231 02b0 00000000 			.word	NULL
 232 02b4 00000000 			.word	NULL
 233 02b8 00000000 			.word	NULL
 234 02bc 00000000 			.word	NULL
 235 02c0 00000000 			.word	NULL
 236 02c4 00000000 			.word	NULL
 237 02c8 00000000 			.word	NULL
 238 02cc 00000000 			.word	NULL
 239 02d0 00000000 			.word	NULL
 240 02d4 00000000 			.word	NULL
 241 02d8 00000000 			.word	NULL
 242 02dc 00000000 			.word	NULL
 243 02e0 00000000 			.word	NULL
 244 02e4 00000000 			.word	NULL
 245 02e8 00000000 			.word	NULL
 246 02ec 00000000 			.word	NULL
 247 02f0 00000000 			.word	NULL
 248 02f4 00000000 			.word	NULL
 249 02f8 00000000 			.word	NULL
 250 02fc 00000000 			.word	NULL
 251 0300 00000000 			.word	NULL
 252 0304 00000000 			.word	NULL
 253 0308 00000000 			.word	NULL
 254 030c 00000000 			.word	NULL
 255 0310 00000000 			.word	NULL
 256 0314 00000000 			.word	NULL
 257 0318 00000000 			.word	NULL
 258 031c 00000000 			.word	NULL
 259 0320 00000000 			.word	NULL
 260 0324 00000000 			.word	NULL
 261 0328 00000000 			.word	NULL
 262 032c 00000000 			.word	NULL
 263 0330 00000000 			.word	NULL
 264 0334 00000000 			.word	NULL
 265 0338 00000000 			.word	NULL
 266 033c 00000000 			.word	NULL
 267 0340 00000000 			.word	NULL
 268 0344 00000000 			.word	NULL
 269 0348 00000000 			.word	NULL
 270 034c 00000000 			.word	NULL
 271 0350 00000000 			.word	NULL
 272 0354 00000000 			.word	NULL
 273 0358 00000000 			.word	NULL
 274 035c 00000000 			.word	NULL
 275 0360 00000000 			.word	NULL
 276 0364 00000000 			.word	NULL
 277 0368 00000000 			.word	NULL
 278 036c 00000000 			.word	NULL
 279 0370 00000000 			.word	NULL
 280 0374 00000000 			.word	NULL
 281 0378 00000000 			.word	NULL
ARM GAS  font_5x9.s 			page 6


 282 037c 00000000 			.word	NULL
 283 0380 00000000 			.word	NULL
 284 0384 00000000 			.word	NULL
 285 0388 00000000 			.word	NULL
 286 038c 00000000 			.word	NULL
 287 0390 00000000 			.word	NULL
 288 0394 00000000 			.word	NULL
 289 0398 00000000 			.word	NULL
 290 039c 00000000 			.word	NULL
 291 03a0 00000000 			.word	NULL
 292 03a4 00000000 			.word	NULL
 293 03a8 00000000 			.word	NULL
 294 03ac 00000000 			.word	NULL
 295 03b0 00000000 			.word	NULL
 296 03b4 00000000 			.word	NULL
 297 03b8 00000000 			.word	NULL
 298 03bc 00000000 			.word	NULL
 299 03c0 00000000 			.word	NULL
 300 03c4 00000000 			.word	NULL
 301 03c8 00000000 			.word	NULL
 302 03cc 00000000 			.word	NULL
 303 03d0 00000000 			.word	NULL
 304 03d4 00000000 			.word	NULL
 305 03d8 00000000 			.word	NULL
 306 03dc 00000000 			.word	NULL
 307 03e0 00000000 			.word	NULL
 308 03e4 00000000 			.word	NULL
 309 03e8 00000000 			.word	NULL
 310 03ec 00000000 			.word	NULL
 311 03f0 00000000 			.word	NULL
 312 03f4 00000000 			.word	NULL
 313 03f8 00000000 			.word	NULL
 314 03fc 00000000 			.word	NULL
 315 0400 00000000 			.word	NULL
 316 0404 00000000 			.word	NULL
 317 0408 BC1C0000 			.word	HEX_0XF8
 318 040c 00000000 			.word	NULL
 319 0410 00000000 			.word	NULL
 320 0414 00000000 			.word	NULL
 321 0418 00000000 			.word	NULL
 322 041c EC1C0000 			.word	HEX_0XFD
 323 0420 00000000 			.word	NULL
 324 0424 00000000 			.word	NULL
 325              	
 326              	/*******************************************************************************
 327              	*
 328              	* Bit mapped glyph data (address offsets)
 329              	* 0: ASCII character
 330              	* 4: cell pixel width (may be variable for proportional spacing)
 331              	* 8: cell pixel height (must be constant for all characters in a font)
 332              	* 12: glyph pixel width
 333              	* 16: glyph pixel height
 334              	* 20: blank horizontal pixels before glyph
 335              	* 24: blank horizontal pixels after glyph
 336              	* 28: blank horizontal lines before glyph
 337              	* 32: blank horizontal lines after glyph
 338              	* 36: bit mapped glyph
ARM GAS  font_5x9.s 			page 7


 339              	*
 340              	* cell pixel width == blank horizontal pixels before glyph + glyph pixel width + blank horizontal p
 341              	*
 342              	* cell pixel height == blank horizontal lines before glyph + glyph pixel height + blank horizontal 
 343              	*
 344              	*******************************************************************************/
 345              	
 346              	SPACE:
 347 0428 20000000 			.word	' 			// ASCII " " character
 348 042c 06000000 			.word	CELLWDTH		// cell pixel width
 349 0430 0A000000 			.word	CELLHGHT		// cell pixel height
 350 0434 00000000 			.word	0			// glyph pixel width
 351 0438 00000000 			.word	0			// glyph pixel height
 352 043c 00000000 			.word	0			// blank horizontal pixels before glyph
 353 0440 00000000 			.word	0			// blank horizontal pixels after glyph
 354 0444 0A000000 			.word	CELLHGHT		// blank horizontal lines before glyph
 355 0448 00000000 			.word	0			// blank horizontal lines after glyph
 356              							// no bit mapped glyph for <space>
 357              	
 358              	EXCLAMATION_MARK:
 359 044c 21000000 			.word	'!			// ASCII "!" character
 360 0450 03000000 			.word	3			// cell pixel width (Note: proportional width)
 361 0454 0A000000 			.word	CELLHGHT		// cell pixel height
 362 0458 01000000 			.word	1			// glyph pixel width
 363 045c 09000000 			.word	9			// glyph pixel height
 364 0460 01000000 			.word	1			// blank horizontal pixels before glyph
 365 0464 01000000 			.word	1			// blank horizontal pixels after glyph
 366 0468 00000000 			.word	0			// blank horizontal lines before glyph
 367 046c 01000000 			.word	1			// blank horizontal lines after glyph
 368              							// bit mapped glyph
 369 0470 00000080 			.word	0x80000000
 370 0474 00000080 			.word	0x80000000
 371 0478 00000080 			.word	0x80000000
 372 047c 00000080 			.word	0x80000000
 373 0480 00000080 			.word	0x80000000
 374 0484 00000080 			.word	0x80000000
 375 0488 00000080 			.word	0x80000000
 376 048c 00000000 			.word	0x00000000
 377 0490 00000080 			.word	0x80000000
 378              	
 379              	QUOTE_MARK:
 380 0494 22000000 			.word	'"			// ASCII """ character
 381 0498 05000000 			.word	5			// cell pixel width (Note: proportional width)
 382 049c 0A000000 			.word	CELLHGHT		// cell pixel height
 383 04a0 03000000 			.word	3			// glyph pixel width
 384 04a4 02000000 			.word	2			// glyph pixel height
 385 04a8 01000000 			.word	1			// blank horizontal pixels before glyph
 386 04ac 01000000 			.word	1			// blank horizontal pixels after glyph
 387 04b0 00000000 			.word	0			// blank horizontal lines before glyph
 388 04b4 08000000 			.word	8			// blank horizontal lines after glyph
 389              							// bit mapped glyph
 390 04b8 000000A0 			.word	0xA0000000
 391 04bc 000000A0 			.word	0xA0000000
 392              	
 393              	NUMBER_SIGN:
 394 04c0 23000000 			.word	'#			// ASCII "#" character
 395 04c4 06000000 			.word	CELLWDTH		// cell pixel width
ARM GAS  font_5x9.s 			page 8


 396 04c8 0A000000 			.word	CELLHGHT		// cell pixel height
 397 04cc 05000000 			.word	5			// glyph pixel width
 398 04d0 07000000 			.word	7			// glyph pixel height
 399 04d4 00000000 			.word	0			// blank horizontal pixels before glyph
 400 04d8 01000000 			.word	1			// blank horizontal pixels after glyph
 401 04dc 01000000 			.word	1			// blank horizontal lines before glyph
 402 04e0 02000000 			.word	2			// blank horizontal lines after glyph
 403              							// bit mapped glyph
 404 04e4 00000050 			.word	0x50000000
 405 04e8 000000F8 			.word	0xF8000000
 406 04ec 00000050 			.word	0x50000000
 407 04f0 00000050 			.word	0x50000000
 408 04f4 00000050 			.word	0x50000000
 409 04f8 000000F8 			.word	0xF8000000
 410 04fc 00000050 			.word	0x50000000
 411              	
 412              	DOLLAR_SIGN:
 413 0500 24000000 			.word	'$			// ASCII "$" character
 414 0504 06000000 			.word	CELLWDTH		// cell pixel width
 415 0508 0A000000 			.word	CELLHGHT		// cell pixel height
 416 050c 05000000 			.word	5			// glyph pixel width
 417 0510 09000000 			.word	9			// glyph pixel height
 418 0514 00000000 			.word	0			// blank horizontal pixels before glyph
 419 0518 01000000 			.word	1			// blank horizontal pixels after glyph
 420 051c 00000000 			.word	0			// blank horizontal lines before glyph
 421 0520 01000000 			.word	1			// blank horizontal lines after glyph
 422              							// bit mapped glyph
 423 0524 00000020 			.word	0x20000000
 424 0528 00000070 			.word	0x70000000
 425 052c 000000A8 			.word	0xA8000000
 426 0530 000000A0 			.word	0xA0000000
 427 0534 00000070 			.word	0x70000000
 428 0538 00000028 			.word	0x28000000
 429 053c 000000A8 			.word	0xA8000000
 430 0540 00000070 			.word	0x70000000
 431 0544 00000020 			.word	0x20000000
 432              	
 433              	PERCENT_SIGN:
 434 0548 25000000 			.word	'%			// ASCII "%" character
 435 054c 06000000 			.word	CELLWDTH		// cell pixel width
 436 0550 0A000000 			.word	CELLHGHT		// cell pixel height
 437 0554 05000000 			.word	5			// glyph pixel width
 438 0558 09000000 			.word	9			// glyph pixel height
 439 055c 00000000 			.word	0			// blank horizontal pixels before glyph
 440 0560 01000000 			.word	1			// blank horizontal pixels after glyph
 441 0564 00000000 			.word	0			// blank horizontal lines before glyph
 442 0568 01000000 			.word	1			// blank horizontal lines after glyph
 443              							// bit mapped glyph
 444 056c 00000040 			.word	0x40000000
 445 0570 000000A0 			.word	0xA0000000
 446 0574 00000048 			.word	0x48000000
 447 0578 00000010 			.word	0x10000000
 448 057c 00000020 			.word	0x20000000
 449 0580 00000040 			.word	0x40000000
 450 0584 00000090 			.word	0x90000000
 451 0588 00000028 			.word	0x28000000
 452 058c 00000010 			.word	0x10000000
ARM GAS  font_5x9.s 			page 9


 453              	
 454              	AMPERSAND:
 455 0590 26000000 			.word	'&			// ASCII "&" character
 456 0594 06000000 			.word	CELLWDTH		// cell pixel width
 457 0598 0A000000 			.word	CELLHGHT		// cell pixel height
 458 059c 05000000 			.word	5			// glyph pixel width
 459 05a0 09000000 			.word	9			// glyph pixel height
 460 05a4 00000000 			.word	0			// blank horizontal pixels before glyph
 461 05a8 01000000 			.word	1			// blank horizontal pixels after glyph
 462 05ac 00000000 			.word	0			// blank horizontal lines before glyph
 463 05b0 01000000 			.word	1			// blank horizontal lines after glyph
 464              							// bit mapped glyph
 465 05b4 00000020 			.word	0x20000000
 466 05b8 00000050 			.word	0x50000000
 467 05bc 00000050 			.word	0x50000000
 468 05c0 00000020 			.word	0x20000000
 469 05c4 00000050 			.word	0x50000000
 470 05c8 00000088 			.word	0x88000000
 471 05cc 000000A8 			.word	0xA8000000
 472 05d0 00000090 			.word	0x90000000
 473 05d4 00000068 			.word	0x68000000
 474              	
 475              	APOSTROPHE:
 476 05d8 27000000 			.word	''			// ASCII "'" character
 477 05dc 04000000 			.word	4			// cell pixel width (Note: proportional width)
 478 05e0 0A000000 			.word	CELLHGHT		// cell pixel height
 479 05e4 02000000 			.word	2			// glyph pixel width
 480 05e8 03000000 			.word	3			// glyph pixel height
 481 05ec 01000000 			.word	1			// blank horizontal pixels before glyph
 482 05f0 01000000 			.word	1			// blank horizontal pixels after glyph
 483 05f4 00000000 			.word	0			// blank horizontal lines before glyph
 484 05f8 07000000 			.word	7			// blank horizontal lines after glyph
 485              							// bit mapped glyph
 486 05fc 00000040 			.word	0x40000000
 487 0600 00000040 			.word	0x40000000
 488 0604 00000080 			.word	0x80000000
 489              	
 490              	LEFT_PAREN:
 491 0608 28000000 			.word	'(			// ASCII "(" character
 492 060c 04000000 			.word	4			// cell pixel width (Note: proportional width)
 493 0610 0A000000 			.word	CELLHGHT		// cell pixel height
 494 0614 03000000 			.word	3			// glyph pixel width
 495 0618 09000000 			.word	9			// glyph pixel height
 496 061c 00000000 			.word	0			// blank horizontal pixels before glyph
 497 0620 01000000 			.word	1			// blank horizontal pixels after glyph
 498 0624 00000000 			.word	0			// blank horizontal lines before glyph
 499 0628 01000000 			.word	1			// blank horizontal lines after glyph
 500              							// bit mapped glyph
 501 062c 00000020 			.word	0x20000000
 502 0630 00000040 			.word	0x40000000
 503 0634 00000080 			.word	0x80000000
 504 0638 00000080 			.word	0x80000000
 505 063c 00000080 			.word	0x80000000
 506 0640 00000080 			.word	0x80000000
 507 0644 00000080 			.word	0x80000000
 508 0648 00000040 			.word	0x40000000
 509 064c 00000020 			.word	0x20000000
ARM GAS  font_5x9.s 			page 10


 510              	
 511              	RIGHT_PAREN:
 512 0650 29000000 			.word	')			// ASCII ")" character
 513 0654 04000000 			.word	4			// cell pixel width (Note: proportional width)
 514 0658 0A000000 			.word	CELLHGHT		// cell pixel height
 515 065c 03000000 			.word	3			// glyph pixel width
 516 0660 09000000 			.word	9			// glyph pixel height
 517 0664 00000000 			.word	0			// blank horizontal pixels before glyph
 518 0668 01000000 			.word	1			// blank horizontal pixels after glyph
 519 066c 00000000 			.word	0			// blank horizontal lines before glyph
 520 0670 01000000 			.word	1			// blank horizontal lines after glyph
 521              							// bit mapped glyph
 522 0674 00000080 			.word	0x80000000
 523 0678 00000040 			.word	0x40000000
 524 067c 00000020 			.word	0x20000000
 525 0680 00000020 			.word	0x20000000
 526 0684 00000020 			.word	0x20000000
 527 0688 00000020 			.word	0x20000000
 528 068c 00000020 			.word	0x20000000
 529 0690 00000040 			.word	0x40000000
 530 0694 00000080 			.word	0x80000000
 531              	
 532              	ASTERISK:
 533 0698 2A000000 			.word	'*			// ASCII "*" character
 534 069c 06000000 			.word	CELLWDTH		// cell pixel width
 535 06a0 0A000000 			.word	CELLHGHT		// cell pixel height
 536 06a4 05000000 			.word	5			// glyph pixel width
 537 06a8 07000000 			.word	7			// glyph pixel height
 538 06ac 00000000 			.word	0			// blank horizontal pixels before glyph
 539 06b0 01000000 			.word	1			// blank horizontal pixels after glyph
 540 06b4 01000000 			.word	1			// blank horizontal lines before glyph
 541 06b8 02000000 			.word	2			// blank horizontal lines after glyph
 542              							// bit mapped glyph
 543 06bc 00000020 			.word	0x20000000
 544 06c0 000000A8 			.word	0xA8000000
 545 06c4 00000070 			.word	0x70000000
 546 06c8 00000020 			.word	0x20000000
 547 06cc 00000070 			.word	0x70000000
 548 06d0 000000A8 			.word	0xA8000000
 549 06d4 00000020 			.word	0x20000000
 550              	
 551              	PLUS_SIGN:
 552 06d8 2B000000 			.word	'+			// ASCII "+" character
 553 06dc 06000000 			.word	CELLWDTH		// cell pixel width
 554 06e0 0A000000 			.word	CELLHGHT		// cell pixel height
 555 06e4 05000000 			.word	5			// glyph pixel width
 556 06e8 05000000 			.word	5			// glyph pixel height
 557 06ec 00000000 			.word	0			// blank horizontal pixels before glyph
 558 06f0 01000000 			.word	1			// blank horizontal pixels after glyph
 559 06f4 02000000 			.word	2			// blank horizontal lines before glyph
 560 06f8 03000000 			.word	3			// blank horizontal lines after glyph
 561              							// bit mapped glyph
 562 06fc 00000020 			.word	0x20000000
 563 0700 00000020 			.word	0x20000000
 564 0704 000000F8 			.word	0xF8000000
 565 0708 00000020 			.word	0x20000000
 566 070c 00000020 			.word	0x20000000
ARM GAS  font_5x9.s 			page 11


 567              	
 568              	COMMA:
 569 0710 2C000000 			.word	',			// ASCII "," character
 570 0714 04000000 			.word	4			// cell pixel width (Note: proportional width)
 571 0718 0A000000 			.word	CELLHGHT		// cell pixel height
 572 071c 02000000 			.word	2			// glyph pixel width
 573 0720 03000000 			.word	3			// glyph pixel height
 574 0724 00000000 			.word	0			// blank horizontal pixels before glyph
 575 0728 02000000 			.word	2			// blank horizontal pixels after glyph
 576 072c 07000000 			.word	7			// blank horizontal lines before glyph
 577 0730 00000000 			.word	0			// blank horizontal lines after glyph
 578              							// bit mapped glyph
 579 0734 00000040 			.word	0x40000000
 580 0738 00000040 			.word	0x40000000
 581 073c 00000080 			.word	0x80000000
 582              	
 583              	MINUS_SIGN:
 584 0740 2D000000 			.word	'-			// ASCII "-" character
 585 0744 06000000 			.word	CELLWDTH		// cell pixel width
 586 0748 0A000000 			.word	CELLHGHT		// cell pixel height
 587 074c 05000000 			.word	5			// glyph pixel width
 588 0750 01000000 			.word	1			// glyph pixel height
 589 0754 00000000 			.word	0			// blank horizontal pixels before glyph
 590 0758 01000000 			.word	1			// blank horizontal pixels after glyph
 591 075c 04000000 			.word	4			// blank horizontal lines before glyph
 592 0760 05000000 			.word	5			// blank horizontal lines after glyph
 593              							// bit mapped glyph
 594 0764 000000F8 			.word	0xF8000000
 595              	
 596              	PERIOD:
 597 0768 2E000000 			.word	'.			// ASCII "." character
 598 076c 04000000 			.word	4			// cell pixel width (Note: proportional width)
 599 0770 0A000000 			.word	CELLHGHT		// cell pixel height
 600 0774 01000000 			.word	1			// glyph pixel width
 601 0778 01000000 			.word	1			// glyph pixel height
 602 077c 01000000 			.word	1			// blank horizontal pixels before glyph
 603 0780 02000000 			.word	2			// blank horizontal pixels after glyph
 604 0784 08000000 			.word	8			// blank horizontal lines before glyph
 605 0788 01000000 			.word	1			// blank horizontal lines after glyph
 606              							// bit mapped glyph
 607 078c 00000080 			.word	0x80000000
 608              	
 609              	FORWARD_SLASH:
 610 0790 2F000000 			.word	'/			// ASCII "/" character
 611 0794 06000000 			.word	CELLWDTH		// cell pixel width
 612 0798 0A000000 			.word	CELLHGHT		// cell pixel height
 613 079c 05000000 			.word	5			// glyph pixel width
 614 07a0 09000000 			.word	9			// glyph pixel height
 615 07a4 00000000 			.word	0			// blank horizontal pixels before glyph
 616 07a8 01000000 			.word	1			// blank horizontal pixels after glyph
 617 07ac 00000000 			.word	0			// blank horizontal lines before glyph
 618 07b0 01000000 			.word	1			// blank horizontal lines after glyph
 619              							// bit mapped glyph
 620 07b4 00000008 			.word	0x08000000
 621 07b8 00000008 			.word	0x08000000
 622 07bc 00000010 			.word	0x10000000
 623 07c0 00000010 			.word	0x10000000
ARM GAS  font_5x9.s 			page 12


 624 07c4 00000020 			.word	0x20000000
 625 07c8 00000040 			.word	0x40000000
 626 07cc 00000040 			.word	0x40000000
 627 07d0 00000080 			.word	0x80000000
 628 07d4 00000080 			.word	0x80000000
 629              	
 630              	ZERO:
 631 07d8 30000000 			.word	'0			// ASCII "0" character
 632 07dc 06000000 			.word	CELLWDTH		// cell pixel width
 633 07e0 0A000000 			.word	CELLHGHT		// cell pixel height
 634 07e4 05000000 			.word	5			// glyph pixel width
 635 07e8 09000000 			.word	9			// glyph pixel height
 636 07ec 00000000 			.word	0			// blank horizontal pixels before glyph
 637 07f0 01000000 			.word	1			// blank horizontal pixels after glyph
 638 07f4 00000000 			.word	0			// blank horizontal lines before glyph
 639 07f8 01000000 			.word	1			// blank horizontal lines after glyph
 640              							// bit mapped glyph
 641 07fc 00000070 			.word	0x70000000
 642 0800 00000088 			.word	0x88000000
 643 0804 00000088 			.word	0x88000000
 644 0808 00000088 			.word	0x88000000
 645 080c 00000088 			.word	0x88000000
 646 0810 00000088 			.word	0x88000000
 647 0814 00000088 			.word	0x88000000
 648 0818 00000088 			.word	0x88000000
 649 081c 00000070 			.word	0x70000000
 650              	
 651              	ONE:
 652 0820 31000000 			.word	'1			// ASCII "1" character
 653 0824 06000000 			.word	CELLWDTH		// cell pixel width
 654 0828 0A000000 			.word	CELLHGHT		// cell pixel height
 655 082c 03000000 			.word	3			// glyph pixel width
 656 0830 09000000 			.word	9			// glyph pixel height
 657 0834 01000000 			.word	1			// blank horizontal pixels before glyph
 658 0838 02000000 			.word	2			// blank horizontal pixels after glyph
 659 083c 00000000 			.word	0			// blank horizontal lines before glyph
 660 0840 01000000 			.word	1			// blank horizontal lines after glyph
 661              							// bit mapped glyph
 662 0844 00000020 			.word	0x20000000
 663 0848 00000060 			.word	0x60000000
 664 084c 000000A0 			.word	0xA0000000
 665 0850 00000020 			.word	0x20000000
 666 0854 00000020 			.word	0x20000000
 667 0858 00000020 			.word	0x20000000
 668 085c 00000020 			.word	0x20000000
 669 0860 00000020 			.word	0x20000000
 670 0864 00000020 			.word	0x20000000
 671              	
 672              	TWO:
 673 0868 32000000 			.word	'2			// ASCII "2" character
 674 086c 06000000 			.word	CELLWDTH		// cell pixel width
 675 0870 0A000000 			.word	CELLHGHT		// cell pixel height
 676 0874 05000000 			.word	5			// glyph pixel width
 677 0878 09000000 			.word	9			// glyph pixel height
 678 087c 00000000 			.word	0			// blank horizontal pixels before glyph
 679 0880 01000000 			.word	1			// blank horizontal pixels after glyph
 680 0884 00000000 			.word	0			// blank horizontal lines before glyph
ARM GAS  font_5x9.s 			page 13


 681 0888 01000000 			.word	1			// blank horizontal lines after glyph
 682              							// bit mapped glyph
 683 088c 00000070 			.word	0x70000000
 684 0890 00000088 			.word	0x88000000
 685 0894 00000008 			.word	0x08000000
 686 0898 00000008 			.word	0x08000000
 687 089c 00000010 			.word	0x10000000
 688 08a0 00000020 			.word	0x20000000
 689 08a4 00000040 			.word	0x40000000
 690 08a8 00000080 			.word	0x80000000
 691 08ac 000000F8 			.word	0xF8000000
 692              	
 693              	THREE:
 694 08b0 33000000 			.word	'3			// ASCII "3" character
 695 08b4 06000000 			.word	CELLWDTH		// cell pixel width
 696 08b8 0A000000 			.word	CELLHGHT		// cell pixel height
 697 08bc 05000000 			.word	5			// glyph pixel width
 698 08c0 09000000 			.word	9			// glyph pixel height
 699 08c4 00000000 			.word	0			// blank horizontal pixels before glyph
 700 08c8 01000000 			.word	1			// blank horizontal pixels after glyph
 701 08cc 00000000 			.word	0			// blank horizontal lines before glyph
 702 08d0 01000000 			.word	1			// blank horizontal lines after glyph
 703              							// bit mapped glyph
 704 08d4 00000070 			.word	0x70000000
 705 08d8 00000088 			.word	0x88000000
 706 08dc 00000008 			.word	0x08000000
 707 08e0 00000008 			.word	0x08000000
 708 08e4 00000030 			.word	0x30000000
 709 08e8 00000008 			.word	0x08000000
 710 08ec 00000008 			.word	0x08000000
 711 08f0 00000088 			.word	0x88000000
 712 08f4 00000070 			.word	0x70000000
 713              	
 714              	FOUR:
 715 08f8 34000000 			.word	'4			// ASCII "4" character
 716 08fc 06000000 			.word	CELLWDTH		// cell pixel width
 717 0900 0A000000 			.word	CELLHGHT		// cell pixel height
 718 0904 05000000 			.word	5			// glyph pixel width
 719 0908 09000000 			.word	9			// glyph pixel height
 720 090c 00000000 			.word	0			// blank horizontal pixels before glyph
 721 0910 01000000 			.word	1			// blank horizontal pixels after glyph
 722 0914 00000000 			.word	0			// blank horizontal lines before glyph
 723 0918 01000000 			.word	1			// blank horizontal lines after glyph
 724              							// bit mapped glyph
 725 091c 00000010 			.word	0x10000000
 726 0920 00000030 			.word	0x30000000
 727 0924 00000030 			.word	0x30000000
 728 0928 00000050 			.word	0x50000000
 729 092c 00000050 			.word	0x50000000
 730 0930 00000090 			.word	0x90000000
 731 0934 000000F8 			.word	0xF8000000
 732 0938 00000010 			.word	0x10000000
 733 093c 00000010 			.word	0x10000000
 734              	
 735              	FIVE:
 736 0940 35000000 			.word	'5			// ASCII "5" character
 737 0944 06000000 			.word	CELLWDTH		// cell pixel width
ARM GAS  font_5x9.s 			page 14


 738 0948 0A000000 			.word	CELLHGHT		// cell pixel height
 739 094c 05000000 			.word	5			// glyph pixel width
 740 0950 09000000 			.word	9			// glyph pixel height
 741 0954 00000000 			.word	0			// blank horizontal pixels before glyph
 742 0958 01000000 			.word	1			// blank horizontal pixels after glyph
 743 095c 00000000 			.word	0			// blank horizontal lines before glyph
 744 0960 01000000 			.word	1			// blank horizontal lines after glyph
 745              							// bit mapped glyph
 746 0964 000000F8 			.word	0xF8000000
 747 0968 00000080 			.word	0x80000000
 748 096c 00000080 			.word	0x80000000
 749 0970 00000080 			.word	0x80000000
 750 0974 000000F0 			.word	0xF0000000
 751 0978 00000008 			.word	0x08000000
 752 097c 00000008 			.word	0x08000000
 753 0980 00000088 			.word	0x88000000
 754 0984 00000070 			.word	0x70000000
 755              	
 756              	SIX:
 757 0988 36000000 			.word	'6			// ASCII "6" character
 758 098c 06000000 			.word	CELLWDTH		// cell pixel width
 759 0990 0A000000 			.word	CELLHGHT		// cell pixel height
 760 0994 05000000 			.word	5			// glyph pixel width
 761 0998 09000000 			.word	9			// glyph pixel height
 762 099c 00000000 			.word	0			// blank horizontal pixels before glyph
 763 09a0 01000000 			.word	1			// blank horizontal pixels after glyph
 764 09a4 00000000 			.word	0			// blank horizontal lines before glyph
 765 09a8 01000000 			.word	1			// blank horizontal lines after glyph
 766              							// bit mapped glyph
 767 09ac 00000070 			.word	0x70000000
 768 09b0 00000088 			.word	0x88000000
 769 09b4 00000080 			.word	0x80000000
 770 09b8 00000080 			.word	0x80000000
 771 09bc 000000F0 			.word	0xF0000000
 772 09c0 00000088 			.word	0x88000000
 773 09c4 00000088 			.word	0x88000000
 774 09c8 00000088 			.word	0x88000000
 775 09cc 00000070 			.word	0x70000000
 776              	
 777              	SEVEN:
 778 09d0 37000000 			.word	'7			// ASCII "7" character
 779 09d4 06000000 			.word	CELLWDTH		// cell pixel width
 780 09d8 0A000000 			.word	CELLHGHT		// cell pixel height
 781 09dc 05000000 			.word	5			// glyph pixel width
 782 09e0 09000000 			.word	9			// glyph pixel height
 783 09e4 00000000 			.word	0			// blank horizontal pixels before glyph
 784 09e8 01000000 			.word	1			// blank horizontal pixels after glyph
 785 09ec 00000000 			.word	0			// blank horizontal lines before glyph
 786 09f0 01000000 			.word	1			// blank horizontal lines after glyph
 787              							// bit mapped glyph
 788 09f4 000000F8 			.word	0xF8000000
 789 09f8 00000008 			.word	0x08000000
 790 09fc 00000010 			.word	0x10000000
 791 0a00 00000010 			.word	0x10000000
 792 0a04 00000020 			.word	0x20000000
 793 0a08 00000020 			.word	0x20000000
 794 0a0c 00000040 			.word	0x40000000
ARM GAS  font_5x9.s 			page 15


 795 0a10 00000040 			.word	0x40000000
 796 0a14 00000040 			.word	0x40000000
 797              	
 798              	EIGHT:
 799 0a18 38000000 			.word	'8			// ASCII "8" character
 800 0a1c 06000000 			.word	CELLWDTH		// cell pixel width
 801 0a20 0A000000 			.word	CELLHGHT		// cell pixel height
 802 0a24 05000000 			.word	5			// glyph pixel width
 803 0a28 09000000 			.word	9			// glyph pixel height
 804 0a2c 00000000 			.word	0			// blank horizontal pixels before glyph
 805 0a30 01000000 			.word	1			// blank horizontal pixels after glyph
 806 0a34 00000000 			.word	0			// blank horizontal lines before glyph
 807 0a38 01000000 			.word	1			// blank horizontal lines after glyph
 808              							// bit mapped glyph
 809 0a3c 00000070 			.word	0x70000000
 810 0a40 00000088 			.word	0x88000000
 811 0a44 00000088 			.word	0x88000000
 812 0a48 00000088 			.word	0x88000000
 813 0a4c 00000070 			.word	0x70000000
 814 0a50 00000088 			.word	0x88000000
 815 0a54 00000088 			.word	0x88000000
 816 0a58 00000088 			.word	0x88000000
 817 0a5c 00000070 			.word	0x70000000
 818              	
 819              	NINE:
 820 0a60 39000000 			.word	'9			// ASCII "9" character
 821 0a64 06000000 			.word	CELLWDTH		// cell pixel width
 822 0a68 0A000000 			.word	CELLHGHT		// cell pixel height
 823 0a6c 05000000 			.word	5			// glyph pixel width
 824 0a70 09000000 			.word	9			// glyph pixel height
 825 0a74 00000000 			.word	0			// blank horizontal pixels before glyph
 826 0a78 01000000 			.word	1			// blank horizontal pixels after glyph
 827 0a7c 00000000 			.word	0			// blank horizontal lines before glyph
 828 0a80 01000000 			.word	1			// blank horizontal lines after glyph
 829              							// bit mapped glyph
 830 0a84 00000070 			.word	0x70000000
 831 0a88 00000088 			.word	0x88000000
 832 0a8c 00000088 			.word	0x88000000
 833 0a90 00000088 			.word	0x88000000
 834 0a94 00000078 			.word	0x78000000
 835 0a98 00000008 			.word	0x08000000
 836 0a9c 00000008 			.word	0x08000000
 837 0aa0 00000088 			.word	0x88000000
 838 0aa4 00000070 			.word	0x70000000
 839              	
 840              	COLON:
 841 0aa8 3A000000 			.word	':			// ASCII ":" character
 842 0aac 03000000 			.word	3			// cell pixel width (Note: proportional width)
 843 0ab0 0A000000 			.word	CELLHGHT		// cell pixel height
 844 0ab4 01000000 			.word	1			// glyph pixel width
 845 0ab8 05000000 			.word	5			// glyph pixel height
 846 0abc 01000000 			.word	1			// blank horizontal pixels before glyph
 847 0ac0 01000000 			.word	1			// blank horizontal pixels after glyph
 848 0ac4 03000000 			.word	3			// blank horizontal lines before glyph
 849 0ac8 02000000 			.word	2			// blank horizontal lines after glyph
 850              							// bit mapped glyph
 851 0acc 00000080 			.word	0x80000000
ARM GAS  font_5x9.s 			page 16


 852 0ad0 00000000 			.word	0x00000000
 853 0ad4 00000000 			.word	0x00000000
 854 0ad8 00000000 			.word	0x00000000
 855 0adc 00000080 			.word	0x80000000
 856              	
 857              	SEMI_COLON:
 858 0ae0 3B000000 			.word	';			// ASCII ";" character
 859 0ae4 04000000 			.word	4			// cell pixel width (Note: proportional width)
 860 0ae8 0A000000 			.word	CELLHGHT		// cell pixel height
 861 0aec 02000000 			.word	2			// glyph pixel width
 862 0af0 07000000 			.word	7			// glyph pixel height
 863 0af4 01000000 			.word	1			// blank horizontal pixels before glyph
 864 0af8 01000000 			.word	1			// blank horizontal pixels after glyph
 865 0afc 03000000 			.word	3			// blank horizontal lines before glyph
 866 0b00 00000000 			.word	0			// blank horizontal lines after glyph
 867              							// bit mapped glyph
 868 0b04 00000040 			.word	0x40000000
 869 0b08 00000000 			.word	0x00000000
 870 0b0c 00000000 			.word	0x00000000
 871 0b10 00000000 			.word	0x00000000
 872 0b14 00000040 			.word	0x40000000
 873 0b18 00000040 			.word	0x40000000
 874 0b1c 00000080 			.word	0x80000000
 875              	
 876              	LESS_THAN_SIGN:
 877 0b20 3C000000 			.word	'<			// ASCII "<" character
 878 0b24 05000000 			.word	5			// cell pixel width (Note: proportional width)
 879 0b28 0A000000 			.word	CELLHGHT		// cell pixel height
 880 0b2c 04000000 			.word	4			// glyph pixel width
 881 0b30 07000000 			.word	7			// glyph pixel height
 882 0b34 00000000 			.word	0			// blank horizontal pixels before glyph
 883 0b38 01000000 			.word	1			// blank horizontal pixels after glyph
 884 0b3c 01000000 			.word	1			// blank horizontal lines before glyph
 885 0b40 02000000 			.word	2			// blank horizontal lines after glyph
 886              							// bit mapped glyph
 887 0b44 00000010 			.word	0x10000000
 888 0b48 00000020 			.word	0x20000000
 889 0b4c 00000040 			.word	0x40000000
 890 0b50 00000080 			.word	0x80000000
 891 0b54 00000040 			.word	0x40000000
 892 0b58 00000020 			.word	0x20000000
 893 0b5c 00000010 			.word	0x10000000
 894              	
 895              	EQUAL_SIGN:
 896 0b60 3D000000 			.word	'=			// ASCII "=" character
 897 0b64 06000000 			.word	CELLWDTH		// cell pixel width
 898 0b68 0A000000 			.word	CELLHGHT		// cell pixel height
 899 0b6c 05000000 			.word	5			// glyph pixel width
 900 0b70 03000000 			.word	3			// glyph pixel height
 901 0b74 00000000 			.word	0			// blank horizontal pixels before glyph
 902 0b78 01000000 			.word	1			// blank horizontal pixels after glyph
 903 0b7c 03000000 			.word	3			// blank horizontal lines before glyph
 904 0b80 04000000 			.word	4			// blank horizontal lines after glyph
 905              							// bit mapped glyph
 906 0b84 000000F8 			.word	0xF8000000
 907 0b88 00000000 			.word	0x00000000
 908 0b8c 000000F8 			.word	0xF8000000
ARM GAS  font_5x9.s 			page 17


 909              	
 910              	GREATER_THAN_SIGN:
 911 0b90 3E000000 			.word	'>			// ASCII ">" character
 912 0b94 05000000 			.word	5			// cell pixel width (Note: proportional width)
 913 0b98 0A000000 			.word	CELLHGHT		// cell pixel height
 914 0b9c 04000000 			.word	4			// glyph pixel width
 915 0ba0 07000000 			.word	7			// glyph pixel height
 916 0ba4 00000000 			.word	0			// blank horizontal pixels before glyph
 917 0ba8 01000000 			.word	1			// blank horizontal pixels after glyph
 918 0bac 01000000 			.word	1			// blank horizontal lines before glyph
 919 0bb0 02000000 			.word	2			// blank horizontal lines after glyph
 920              							// bit mapped glyph
 921 0bb4 00000080 			.word	0x80000000
 922 0bb8 00000040 			.word	0x40000000
 923 0bbc 00000020 			.word	0x20000000
 924 0bc0 00000010 			.word	0x10000000
 925 0bc4 00000020 			.word	0x20000000
 926 0bc8 00000040 			.word	0x40000000
 927 0bcc 00000080 			.word	0x80000000
 928              	
 929              	QUESTION_MARK:
 930 0bd0 3F000000 			.word	'?			// ASCII "?" character
 931 0bd4 06000000 			.word	CELLWDTH		// cell pixel width
 932 0bd8 0A000000 			.word	CELLHGHT		// cell pixel height
 933 0bdc 05000000 			.word	5			// glyph pixel width
 934 0be0 09000000 			.word	9			// glyph pixel height
 935 0be4 00000000 			.word	0			// blank horizontal pixels before glyph
 936 0be8 01000000 			.word	1			// blank horizontal pixels after glyph
 937 0bec 00000000 			.word	0			// blank horizontal lines before glyph
 938 0bf0 01000000 			.word	1			// blank horizontal lines after glyph
 939              							// bit mapped glyph
 940 0bf4 00000070 			.word	0x70000000
 941 0bf8 00000088 			.word	0x88000000
 942 0bfc 00000008 			.word	0x08000000
 943 0c00 00000008 			.word	0x08000000
 944 0c04 00000010 			.word	0x10000000
 945 0c08 00000020 			.word	0x20000000
 946 0c0c 00000020 			.word	0x20000000
 947 0c10 00000000 			.word	0x00000000
 948 0c14 00000020 			.word	0x20000000
 949              	
 950              	AT_SIGN:
 951 0c18 40000000 			.word	'@			// ASCII "@" character
 952 0c1c 06000000 			.word	CELLWDTH		// cell pixel width
 953 0c20 0A000000 			.word	CELLHGHT		// cell pixel height
 954 0c24 05000000 			.word	5			// glyph pixel width
 955 0c28 08000000 			.word	8			// glyph pixel height
 956 0c2c 00000000 			.word	0			// blank horizontal pixels before glyph
 957 0c30 01000000 			.word	1			// blank horizontal pixels after glyph
 958 0c34 01000000 			.word	1			// blank horizontal lines before glyph
 959 0c38 01000000 			.word	1			// blank horizontal lines after glyph
 960              							// bit mapped glyph
 961 0c3c 00000070 			.word	0x70000000
 962 0c40 00000088 			.word	0x88000000
 963 0c44 000000B8 			.word	0xB8000000
 964 0c48 000000A8 			.word	0xA8000000
 965 0c4c 000000A8 			.word	0xA8000000
ARM GAS  font_5x9.s 			page 18


 966 0c50 000000B8 			.word	0xB8000000
 967 0c54 00000080 			.word	0x80000000
 968 0c58 00000070 			.word	0x70000000
 969              	
 970              	UPPERCASE_A:
 971 0c5c 41000000 			.word	'A			// ASCII "A" character
 972 0c60 06000000 			.word	CELLWDTH		// cell pixel width
 973 0c64 0A000000 			.word	CELLHGHT		// cell pixel height
 974 0c68 05000000 			.word	5			// glyph pixel width
 975 0c6c 09000000 			.word	9			// glyph pixel height
 976 0c70 00000000 			.word	0			// blank horizontal pixels before glyph
 977 0c74 01000000 			.word	1			// blank horizontal pixels after glyph
 978 0c78 00000000 			.word	0			// blank horizontal lines before glyph
 979 0c7c 01000000 			.word	1			// blank horizontal lines after glyph
 980              							// bit mapped glyph
 981 0c80 00000020 			.word	0x20000000
 982 0c84 00000050 			.word	0x50000000
 983 0c88 00000088 			.word	0x88000000
 984 0c8c 00000088 			.word	0x88000000
 985 0c90 000000F8 			.word	0xF8000000
 986 0c94 00000088 			.word	0x88000000
 987 0c98 00000088 			.word	0x88000000
 988 0c9c 00000088 			.word	0x88000000
 989 0ca0 00000088 			.word	0x88000000
 990              	
 991              	UPPERCASE_B:
 992 0ca4 42000000 			.word	'B			// ASCII "B" character
 993 0ca8 06000000 			.word	CELLWDTH		// cell pixel width
 994 0cac 0A000000 			.word	CELLHGHT		// cell pixel height
 995 0cb0 05000000 			.word	5			// glyph pixel width
 996 0cb4 09000000 			.word	9			// glyph pixel height
 997 0cb8 00000000 			.word	0			// blank horizontal pixels before glyph
 998 0cbc 01000000 			.word	1			// blank horizontal pixels after glyph
 999 0cc0 00000000 			.word	0			// blank horizontal lines before glyph
 1000 0cc4 01000000 			.word	1			// blank horizontal lines after glyph
 1001              							// bit mapped glyph
 1002 0cc8 000000F0 			.word	0xF0000000
 1003 0ccc 00000088 			.word	0x88000000
 1004 0cd0 00000088 			.word	0x88000000
 1005 0cd4 00000088 			.word	0x88000000
 1006 0cd8 000000F0 			.word	0xF0000000
 1007 0cdc 00000088 			.word	0x88000000
 1008 0ce0 00000088 			.word	0x88000000
 1009 0ce4 00000088 			.word	0x88000000
 1010 0ce8 000000F0 			.word	0xF0000000
 1011              	
 1012              	UPPERCASE_C:
 1013 0cec 43000000 			.word	'C			// ASCII "C" character
 1014 0cf0 06000000 			.word	CELLWDTH		// cell pixel width
 1015 0cf4 0A000000 			.word	CELLHGHT		// cell pixel height
 1016 0cf8 05000000 			.word	5			// glyph pixel width
 1017 0cfc 09000000 			.word	9			// glyph pixel height
 1018 0d00 00000000 			.word	0			// blank horizontal pixels before glyph
 1019 0d04 01000000 			.word	1			// blank horizontal pixels after glyph
 1020 0d08 00000000 			.word	0			// blank horizontal lines before glyph
 1021 0d0c 01000000 			.word	1			// blank horizontal lines after glyph
 1022              							// bit mapped glyph
ARM GAS  font_5x9.s 			page 19


 1023 0d10 00000070 			.word	0x70000000
 1024 0d14 00000088 			.word	0x88000000
 1025 0d18 00000080 			.word	0x80000000
 1026 0d1c 00000080 			.word	0x80000000
 1027 0d20 00000080 			.word	0x80000000
 1028 0d24 00000080 			.word	0x80000000
 1029 0d28 00000080 			.word	0x80000000
 1030 0d2c 00000088 			.word	0x88000000
 1031 0d30 00000070 			.word	0x70000000
 1032              	
 1033              	UPPERCASE_D:
 1034 0d34 44000000 			.word	'D			// ASCII "D" character
 1035 0d38 06000000 			.word	CELLWDTH		// cell pixel width
 1036 0d3c 0A000000 			.word	CELLHGHT		// cell pixel height
 1037 0d40 05000000 			.word	5			// glyph pixel width
 1038 0d44 09000000 			.word	9			// glyph pixel height
 1039 0d48 00000000 			.word	0			// blank horizontal pixels before glyph
 1040 0d4c 01000000 			.word	1			// blank horizontal pixels after glyph
 1041 0d50 00000000 			.word	0			// blank horizontal lines before glyph
 1042 0d54 01000000 			.word	1			// blank horizontal lines after glyph
 1043              							// bit mapped glyph
 1044 0d58 000000F0 			.word	0xF0000000
 1045 0d5c 00000088 			.word	0x88000000
 1046 0d60 00000088 			.word	0x88000000
 1047 0d64 00000088 			.word	0x88000000
 1048 0d68 00000088 			.word	0x88000000
 1049 0d6c 00000088 			.word	0x88000000
 1050 0d70 00000088 			.word	0x88000000
 1051 0d74 00000088 			.word	0x88000000
 1052 0d78 000000F0 			.word	0xF0000000
 1053              	
 1054              	UPPERCASE_E:
 1055 0d7c 45000000 			.word	'E			// ASCII "E" character
 1056 0d80 06000000 			.word	CELLWDTH		// cell pixel width
 1057 0d84 0A000000 			.word	CELLHGHT		// cell pixel height
 1058 0d88 05000000 			.word	5			// glyph pixel width
 1059 0d8c 09000000 			.word	9			// glyph pixel height
 1060 0d90 00000000 			.word	0			// blank horizontal pixels before glyph
 1061 0d94 01000000 			.word	1			// blank horizontal pixels after glyph
 1062 0d98 00000000 			.word	0			// blank horizontal lines before glyph
 1063 0d9c 01000000 			.word	1			// blank horizontal lines after glyph
 1064              							// bit mapped glyph
 1065 0da0 000000F8 			.word	0xF8000000
 1066 0da4 00000080 			.word	0x80000000
 1067 0da8 00000080 			.word	0x80000000
 1068 0dac 00000080 			.word	0x80000000
 1069 0db0 000000F0 			.word	0xF0000000
 1070 0db4 00000080 			.word	0x80000000
 1071 0db8 00000080 			.word	0x80000000
 1072 0dbc 00000080 			.word	0x80000000
 1073 0dc0 000000F8 			.word	0xF8000000
 1074              	
 1075              	UPPERCASE_F:
 1076 0dc4 46000000 			.word	'F			// ASCII "F" character
 1077 0dc8 06000000 			.word	CELLWDTH		// cell pixel width
 1078 0dcc 0A000000 			.word	CELLHGHT		// cell pixel height
 1079 0dd0 05000000 			.word	5			// glyph pixel width
ARM GAS  font_5x9.s 			page 20


 1080 0dd4 09000000 			.word	9			// glyph pixel height
 1081 0dd8 00000000 			.word	0			// blank horizontal pixels before glyph
 1082 0ddc 01000000 			.word	1			// blank horizontal pixels after glyph
 1083 0de0 00000000 			.word	0			// blank horizontal lines before glyph
 1084 0de4 01000000 			.word	1			// blank horizontal lines after glyph
 1085              							// bit mapped glyph
 1086 0de8 000000F8 			.word	0xF8000000
 1087 0dec 00000080 			.word	0x80000000
 1088 0df0 00000080 			.word	0x80000000
 1089 0df4 00000080 			.word	0x80000000
 1090 0df8 000000F0 			.word	0xF0000000
 1091 0dfc 00000080 			.word	0x80000000
 1092 0e00 00000080 			.word	0x80000000
 1093 0e04 00000080 			.word	0x80000000
 1094 0e08 00000080 			.word	0x80000000
 1095              	
 1096              	UPPERCASE_G:
 1097 0e0c 47000000 			.word	'G			// ASCII "G" character
 1098 0e10 06000000 			.word	CELLWDTH		// cell pixel width
 1099 0e14 0A000000 			.word	CELLHGHT		// cell pixel height
 1100 0e18 05000000 			.word	5			// glyph pixel width
 1101 0e1c 09000000 			.word	9			// glyph pixel height
 1102 0e20 00000000 			.word	0			// blank horizontal pixels before glyph
 1103 0e24 01000000 			.word	1			// blank horizontal pixels after glyph
 1104 0e28 00000000 			.word	0			// blank horizontal lines before glyph
 1105 0e2c 01000000 			.word	1			// blank horizontal lines after glyph
 1106              							// bit mapped glyph
 1107 0e30 00000070 			.word	0x70000000
 1108 0e34 00000088 			.word	0x88000000
 1109 0e38 00000080 			.word	0x80000000
 1110 0e3c 00000080 			.word	0x80000000
 1111 0e40 00000098 			.word	0x98000000
 1112 0e44 00000088 			.word	0x88000000
 1113 0e48 00000088 			.word	0x88000000
 1114 0e4c 00000088 			.word	0x88000000
 1115 0e50 00000070 			.word	0x70000000
 1116              	
 1117              	UPPERCASE_H:
 1118 0e54 48000000 			.word	'H			// ASCII "H" character
 1119 0e58 06000000 			.word	CELLWDTH		// cell pixel width
 1120 0e5c 0A000000 			.word	CELLHGHT		// cell pixel height
 1121 0e60 05000000 			.word	5			// glyph pixel width
 1122 0e64 09000000 			.word	9			// glyph pixel height
 1123 0e68 00000000 			.word	0			// blank horizontal pixels before glyph
 1124 0e6c 01000000 			.word	1			// blank horizontal pixels after glyph
 1125 0e70 00000000 			.word	0			// blank horizontal lines before glyph
 1126 0e74 01000000 			.word	1			// blank horizontal lines after glyph
 1127              							// bit mapped glyph
 1128 0e78 00000088 			.word	0x88000000
 1129 0e7c 00000088 			.word	0x88000000
 1130 0e80 00000088 			.word	0x88000000
 1131 0e84 00000088 			.word	0x88000000
 1132 0e88 000000F8 			.word	0xF8000000
 1133 0e8c 00000088 			.word	0x88000000
 1134 0e90 00000088 			.word	0x88000000
 1135 0e94 00000088 			.word	0x88000000
 1136 0e98 00000088 			.word	0x88000000
ARM GAS  font_5x9.s 			page 21


 1137              	
 1138              	UPPERCASE_I:
 1139 0e9c 49000000 			.word	'I			// ASCII "I" character
 1140 0ea0 06000000 			.word	CELLWDTH		// cell pixel width
 1141 0ea4 0A000000 			.word	CELLHGHT		// cell pixel height
 1142 0ea8 03000000 			.word	3			// glyph pixel width
 1143 0eac 09000000 			.word	9			// glyph pixel height
 1144 0eb0 01000000 			.word	1			// blank horizontal pixels before glyph
 1145 0eb4 02000000 			.word	2			// blank horizontal pixels after glyph
 1146 0eb8 00000000 			.word	0			// blank horizontal lines before glyph
 1147 0ebc 01000000 			.word	1			// blank horizontal lines after glyph
 1148              							// bit mapped glyph
 1149 0ec0 000000E0 			.word	0xE0000000
 1150 0ec4 00000040 			.word	0x40000000
 1151 0ec8 00000040 			.word	0x40000000
 1152 0ecc 00000040 			.word	0x40000000
 1153 0ed0 00000040 			.word	0x40000000
 1154 0ed4 00000040 			.word	0x40000000
 1155 0ed8 00000040 			.word	0x40000000
 1156 0edc 00000040 			.word	0x40000000
 1157 0ee0 000000E0 			.word	0xE0000000
 1158              	
 1159              	UPPERCASE_J:
 1160 0ee4 4A000000 			.word	'J			// ASCII "J" character
 1161 0ee8 06000000 			.word	CELLWDTH		// cell pixel width
 1162 0eec 0A000000 			.word	CELLHGHT		// cell pixel height
 1163 0ef0 05000000 			.word	5			// glyph pixel width
 1164 0ef4 09000000 			.word	9			// glyph pixel height
 1165 0ef8 00000000 			.word	0			// blank horizontal pixels before glyph
 1166 0efc 01000000 			.word	1			// blank horizontal pixels after glyph
 1167 0f00 00000000 			.word	0			// blank horizontal lines before glyph
 1168 0f04 01000000 			.word	1			// blank horizontal lines after glyph
 1169              							// bit mapped glyph
 1170 0f08 00000008 			.word	0x08000000
 1171 0f0c 00000008 			.word	0x08000000
 1172 0f10 00000008 			.word	0x08000000
 1173 0f14 00000008 			.word	0x08000000
 1174 0f18 00000008 			.word	0x08000000
 1175 0f1c 00000008 			.word	0x08000000
 1176 0f20 00000088 			.word	0x88000000
 1177 0f24 00000088 			.word	0x88000000
 1178 0f28 00000070 			.word	0x70000000
 1179              	
 1180              	UPPERCASE_K:
 1181 0f2c 4B000000 			.word	'K			// ASCII "K" character
 1182 0f30 06000000 			.word	CELLWDTH		// cell pixel width
 1183 0f34 0A000000 			.word	CELLHGHT		// cell pixel height
 1184 0f38 05000000 			.word	5			// glyph pixel width
 1185 0f3c 09000000 			.word	9			// glyph pixel height
 1186 0f40 00000000 			.word	0			// blank horizontal pixels before glyph
 1187 0f44 01000000 			.word	1			// blank horizontal pixels after glyph
 1188 0f48 00000000 			.word	0			// blank horizontal lines before glyph
 1189 0f4c 01000000 			.word	1			// blank horizontal lines after glyph
 1190              							// bit mapped glyph
 1191 0f50 00000088 			.word	0x88000000
 1192 0f54 00000088 			.word	0x88000000
 1193 0f58 00000090 			.word	0x90000000
ARM GAS  font_5x9.s 			page 22


 1194 0f5c 000000A0 			.word	0xA0000000
 1195 0f60 000000C0 			.word	0xC0000000
 1196 0f64 000000A0 			.word	0xA0000000
 1197 0f68 00000090 			.word	0x90000000
 1198 0f6c 00000088 			.word	0x88000000
 1199 0f70 00000088 			.word	0x88000000
 1200              	
 1201              	UPPERCASE_L:
 1202 0f74 4C000000 			.word	'L			// ASCII "L" character
 1203 0f78 06000000 			.word	CELLWDTH		// cell pixel width
 1204 0f7c 0A000000 			.word	CELLHGHT		// cell pixel height
 1205 0f80 05000000 			.word	5			// glyph pixel width
 1206 0f84 09000000 			.word	9			// glyph pixel height
 1207 0f88 00000000 			.word	0			// blank horizontal pixels before glyph
 1208 0f8c 01000000 			.word	1			// blank horizontal pixels after glyph
 1209 0f90 00000000 			.word	0			// blank horizontal lines before glyph
 1210 0f94 01000000 			.word	1			// blank horizontal lines after glyph
 1211              							// bit mapped glyph
 1212 0f98 00000080 			.word	0x80000000
 1213 0f9c 00000080 			.word	0x80000000
 1214 0fa0 00000080 			.word	0x80000000
 1215 0fa4 00000080 			.word	0x80000000
 1216 0fa8 00000080 			.word	0x80000000
 1217 0fac 00000080 			.word	0x80000000
 1218 0fb0 00000080 			.word	0x80000000
 1219 0fb4 00000080 			.word	0x80000000
 1220 0fb8 000000F8 			.word	0xF8000000
 1221              	
 1222              	UPPERCASE_M:
 1223 0fbc 4D000000 			.word	'M			// ASCII "M" character
 1224 0fc0 06000000 			.word	CELLWDTH		// cell pixel width
 1225 0fc4 0A000000 			.word	CELLHGHT		// cell pixel height
 1226 0fc8 05000000 			.word	5			// glyph pixel width
 1227 0fcc 09000000 			.word	9			// glyph pixel height
 1228 0fd0 00000000 			.word	0			// blank horizontal pixels before glyph
 1229 0fd4 01000000 			.word	1			// blank horizontal pixels after glyph
 1230 0fd8 00000000 			.word	0			// blank horizontal lines before glyph
 1231 0fdc 01000000 			.word	1			// blank horizontal lines after glyph
 1232              							// bit mapped glyph
 1233 0fe0 00000088 			.word	0x88000000
 1234 0fe4 00000088 			.word	0x88000000
 1235 0fe8 000000D8 			.word	0xD8000000
 1236 0fec 000000D8 			.word	0xD8000000
 1237 0ff0 000000A8 			.word	0xA8000000
 1238 0ff4 000000A8 			.word	0xA8000000
 1239 0ff8 00000088 			.word	0x88000000
 1240 0ffc 00000088 			.word	0x88000000
 1241 1000 00000088 			.word	0x88000000
 1242              	
 1243              	UPPERCASE_N:
 1244 1004 4E000000 			.word	'N			// ASCII "N" character
 1245 1008 06000000 			.word	CELLWDTH		// cell pixel width
 1246 100c 0A000000 			.word	CELLHGHT		// cell pixel height
 1247 1010 05000000 			.word	5			// glyph pixel width
 1248 1014 09000000 			.word	9			// glyph pixel height
 1249 1018 00000000 			.word	0			// blank horizontal pixels before glyph
 1250 101c 01000000 			.word	1			// blank horizontal pixels after glyph
ARM GAS  font_5x9.s 			page 23


 1251 1020 00000000 			.word	0			// blank horizontal lines before glyph
 1252 1024 01000000 			.word	1			// blank horizontal lines after glyph
 1253              							// bit mapped glyph
 1254 1028 00000088 			.word	0x88000000
 1255 102c 00000088 			.word	0x88000000
 1256 1030 000000C8 			.word	0xC8000000
 1257 1034 000000C8 			.word	0xC8000000
 1258 1038 000000A8 			.word	0xA8000000
 1259 103c 00000098 			.word	0x98000000
 1260 1040 00000098 			.word	0x98000000
 1261 1044 00000088 			.word	0x88000000
 1262 1048 00000088 			.word	0x88000000
 1263              	
 1264              	UPPERCASE_O:
 1265 104c 4F000000 			.word	'O			// ASCII "O" character
 1266 1050 06000000 			.word	CELLWDTH		// cell pixel width
 1267 1054 0A000000 			.word	CELLHGHT		// cell pixel height
 1268 1058 05000000 			.word	5			// glyph pixel width
 1269 105c 09000000 			.word	9			// glyph pixel height
 1270 1060 00000000 			.word	0			// blank horizontal pixels before glyph
 1271 1064 01000000 			.word	1			// blank horizontal pixels after glyph
 1272 1068 00000000 			.word	0			// blank horizontal lines before glyph
 1273 106c 01000000 			.word	1			// blank horizontal lines after glyph
 1274              							// bit mapped glyph
 1275 1070 00000070 			.word	0x70000000
 1276 1074 00000088 			.word	0x88000000
 1277 1078 00000088 			.word	0x88000000
 1278 107c 00000088 			.word	0x88000000
 1279 1080 00000088 			.word	0x88000000
 1280 1084 00000088 			.word	0x88000000
 1281 1088 00000088 			.word	0x88000000
 1282 108c 00000088 			.word	0x88000000
 1283 1090 00000070 			.word	0x70000000
 1284              	
 1285              	UPPERCASE_P:
 1286 1094 50000000 			.word	'P			// ASCII "P" character
 1287 1098 06000000 			.word	CELLWDTH		// cell pixel width
 1288 109c 0A000000 			.word	CELLHGHT		// cell pixel height
 1289 10a0 05000000 			.word	5			// glyph pixel width
 1290 10a4 09000000 			.word	9			// glyph pixel height
 1291 10a8 00000000 			.word	0			// blank horizontal pixels before glyph
 1292 10ac 01000000 			.word	1			// blank horizontal pixels after glyph
 1293 10b0 00000000 			.word	0			// blank horizontal lines before glyph
 1294 10b4 01000000 			.word	1			// blank horizontal lines after glyph
 1295              							// bit mapped glyph
 1296 10b8 000000F0 			.word	0xF0000000
 1297 10bc 00000088 			.word	0x88000000
 1298 10c0 00000088 			.word	0x88000000
 1299 10c4 00000088 			.word	0x88000000
 1300 10c8 000000F0 			.word	0xF0000000
 1301 10cc 00000080 			.word	0x80000000
 1302 10d0 00000080 			.word	0x80000000
 1303 10d4 00000080 			.word	0x80000000
 1304 10d8 00000080 			.word	0x80000000
 1305              	
 1306              	UPPERCASE_Q:
 1307 10dc 51000000 			.word	'Q			// ASCII "Q" character
ARM GAS  font_5x9.s 			page 24


 1308 10e0 06000000 			.word	CELLWDTH		// cell pixel width
 1309 10e4 0A000000 			.word	CELLHGHT		// cell pixel height
 1310 10e8 05000000 			.word	5			// glyph pixel width
 1311 10ec 09000000 			.word	9			// glyph pixel height
 1312 10f0 00000000 			.word	0			// blank horizontal pixels before glyph
 1313 10f4 01000000 			.word	1			// blank horizontal pixels after glyph
 1314 10f8 00000000 			.word	0			// blank horizontal lines before glyph
 1315 10fc 01000000 			.word	1			// blank horizontal lines after glyph
 1316              							// bit mapped glyph
 1317 1100 00000070 			.word	0x70000000
 1318 1104 00000088 			.word	0x88000000
 1319 1108 00000088 			.word	0x88000000
 1320 110c 00000088 			.word	0x88000000
 1321 1110 00000088 			.word	0x88000000
 1322 1114 00000088 			.word	0x88000000
 1323 1118 000000A8 			.word	0xA8000000
 1324 111c 00000090 			.word	0x90000000
 1325 1120 00000068 			.word	0x68000000
 1326              	
 1327              	UPPERCASE_R:
 1328 1124 52000000 			.word	'R			// ASCII "R" character
 1329 1128 06000000 			.word	CELLWDTH		// cell pixel width
 1330 112c 0A000000 			.word	CELLHGHT		// cell pixel height
 1331 1130 05000000 			.word	5			// glyph pixel width
 1332 1134 09000000 			.word	9			// glyph pixel height
 1333 1138 00000000 			.word	0			// blank horizontal pixels before glyph
 1334 113c 01000000 			.word	1			// blank horizontal pixels after glyph
 1335 1140 00000000 			.word	0			// blank horizontal lines before glyph
 1336 1144 01000000 			.word	1			// blank horizontal lines after glyph
 1337              							// bit mapped glyph
 1338 1148 000000F0 			.word	0xF0000000
 1339 114c 00000088 			.word	0x88000000
 1340 1150 00000088 			.word	0x88000000
 1341 1154 00000088 			.word	0x88000000
 1342 1158 000000F0 			.word	0xF0000000
 1343 115c 000000A0 			.word	0xA0000000
 1344 1160 00000090 			.word	0x90000000
 1345 1164 00000088 			.word	0x88000000
 1346 1168 00000088 			.word	0x88000000
 1347              	
 1348              	UPPERCASE_S:
 1349 116c 53000000 			.word	'S			// ASCII "S" character
 1350 1170 06000000 			.word	CELLWDTH		// cell pixel width
 1351 1174 0A000000 			.word	CELLHGHT		// cell pixel height
 1352 1178 05000000 			.word	5			// glyph pixel width
 1353 117c 09000000 			.word	9			// glyph pixel height
 1354 1180 00000000 			.word	0			// blank horizontal pixels before glyph
 1355 1184 01000000 			.word	1			// blank horizontal pixels after glyph
 1356 1188 00000000 			.word	0			// blank horizontal lines before glyph
 1357 118c 01000000 			.word	1			// blank horizontal lines after glyph
 1358              							// bit mapped glyph
 1359 1190 00000070 			.word	0x70000000
 1360 1194 00000088 			.word	0x88000000
 1361 1198 00000080 			.word	0x80000000
 1362 119c 00000080 			.word	0x80000000
 1363 11a0 00000070 			.word	0x70000000
 1364 11a4 00000008 			.word	0x08000000
ARM GAS  font_5x9.s 			page 25


 1365 11a8 00000008 			.word	0x08000000
 1366 11ac 00000088 			.word	0x88000000
 1367 11b0 00000070 			.word	0x70000000
 1368              	
 1369              	UPPERCASE_T:
 1370 11b4 54000000 			.word	'T			// ASCII "T" character
 1371 11b8 06000000 			.word	CELLWDTH		// cell pixel width
 1372 11bc 0A000000 			.word	CELLHGHT		// cell pixel height
 1373 11c0 05000000 			.word	5			// glyph pixel width
 1374 11c4 09000000 			.word	9			// glyph pixel height
 1375 11c8 00000000 			.word	0			// blank horizontal pixels before glyph
 1376 11cc 01000000 			.word	1			// blank horizontal pixels after glyph
 1377 11d0 00000000 			.word	0			// blank horizontal lines before glyph
 1378 11d4 01000000 			.word	1			// blank horizontal lines after glyph
 1379              							// bit mapped glyph
 1380 11d8 000000F8 			.word	0xF8000000
 1381 11dc 00000020 			.word	0x20000000
 1382 11e0 00000020 			.word	0x20000000
 1383 11e4 00000020 			.word	0x20000000
 1384 11e8 00000020 			.word	0x20000000
 1385 11ec 00000020 			.word	0x20000000
 1386 11f0 00000020 			.word	0x20000000
 1387 11f4 00000020 			.word	0x20000000
 1388 11f8 00000020 			.word	0x20000000
 1389              	
 1390              	UPPERCASE_U:
 1391 11fc 55000000 			.word	'U			// ASCII "U" character
 1392 1200 06000000 			.word	CELLWDTH		// cell pixel width
 1393 1204 0A000000 			.word	CELLHGHT		// cell pixel height
 1394 1208 05000000 			.word	5			// glyph pixel width
 1395 120c 09000000 			.word	9			// glyph pixel height
 1396 1210 00000000 			.word	0			// blank horizontal pixels before glyph
 1397 1214 01000000 			.word	1			// blank horizontal pixels after glyph
 1398 1218 00000000 			.word	0			// blank horizontal lines before glyph
 1399 121c 01000000 			.word	1			// blank horizontal lines after glyph
 1400              							// bit mapped glyph
 1401 1220 00000088 			.word	0x88000000
 1402 1224 00000088 			.word	0x88000000
 1403 1228 00000088 			.word	0x88000000
 1404 122c 00000088 			.word	0x88000000
 1405 1230 00000088 			.word	0x88000000
 1406 1234 00000088 			.word	0x88000000
 1407 1238 00000088 			.word	0x88000000
 1408 123c 00000088 			.word	0x88000000
 1409 1240 00000070 			.word	0x70000000
 1410              	
 1411              	UPPERCASE_V:
 1412 1244 56000000 			.word	'V			// ASCII "V" character
 1413 1248 06000000 			.word	CELLWDTH		// cell pixel width
 1414 124c 0A000000 			.word	CELLHGHT		// cell pixel height
 1415 1250 05000000 			.word	5			// glyph pixel width
 1416 1254 09000000 			.word	9			// glyph pixel height
 1417 1258 00000000 			.word	0			// blank horizontal pixels before glyph
 1418 125c 01000000 			.word	1			// blank horizontal pixels after glyph
 1419 1260 00000000 			.word	0			// blank horizontal lines before glyph
 1420 1264 01000000 			.word	1			// blank horizontal lines after glyph
 1421              							// bit mapped glyph
ARM GAS  font_5x9.s 			page 26


 1422 1268 00000088 			.word	0x88000000
 1423 126c 00000088 			.word	0x88000000
 1424 1270 00000088 			.word	0x88000000
 1425 1274 00000088 			.word	0x88000000
 1426 1278 00000050 			.word	0x50000000
 1427 127c 00000050 			.word	0x50000000
 1428 1280 00000050 			.word	0x50000000
 1429 1284 00000020 			.word	0x20000000
 1430 1288 00000020 			.word	0x20000000
 1431              	
 1432              	UPPERCASE_W:
 1433 128c 57000000 			.word	'W			// ASCII "W" character
 1434 1290 06000000 			.word	CELLWDTH		// cell pixel width
 1435 1294 0A000000 			.word	CELLHGHT		// cell pixel height
 1436 1298 05000000 			.word	5			// glyph pixel width
 1437 129c 09000000 			.word	9			// glyph pixel height
 1438 12a0 00000000 			.word	0			// blank horizontal pixels before glyph
 1439 12a4 01000000 			.word	1			// blank horizontal pixels after glyph
 1440 12a8 00000000 			.word	0			// blank horizontal lines before glyph
 1441 12ac 01000000 			.word	1			// blank horizontal lines after glyph
 1442              							// bit mapped glyph
 1443 12b0 00000088 			.word	0x88000000
 1444 12b4 00000088 			.word	0x88000000
 1445 12b8 00000088 			.word	0x88000000
 1446 12bc 00000088 			.word	0x88000000
 1447 12c0 000000A8 			.word	0xA8000000
 1448 12c4 000000A8 			.word	0xA8000000
 1449 12c8 00000050 			.word	0x50000000
 1450 12cc 00000050 			.word	0x50000000
 1451 12d0 00000050 			.word	0x50000000
 1452              	
 1453              	UPPERCASE_X:
 1454 12d4 58000000 			.word	'X			// ASCII "X" character
 1455 12d8 06000000 			.word	CELLWDTH		// cell pixel width
 1456 12dc 0A000000 			.word	CELLHGHT		// cell pixel height
 1457 12e0 05000000 			.word	5			// glyph pixel width
 1458 12e4 09000000 			.word	9			// glyph pixel height
 1459 12e8 00000000 			.word	0			// blank horizontal pixels before glyph
 1460 12ec 01000000 			.word	1			// blank horizontal pixels after glyph
 1461 12f0 00000000 			.word	0			// blank horizontal lines before glyph
 1462 12f4 01000000 			.word	1			// blank horizontal lines after glyph
 1463              							// bit mapped glyph
 1464 12f8 00000088 			.word	0x88000000
 1465 12fc 00000088 			.word	0x88000000
 1466 1300 00000050 			.word	0x50000000
 1467 1304 00000050 			.word	0x50000000
 1468 1308 00000020 			.word	0x20000000
 1469 130c 00000050 			.word	0x50000000
 1470 1310 00000050 			.word	0x50000000
 1471 1314 00000088 			.word	0x88000000
 1472 1318 00000088 			.word	0x88000000
 1473              	
 1474              	UPPERCASE_Y:
 1475 131c 59000000 			.word	'Y			// ASCII "Y" character
 1476 1320 06000000 			.word	CELLWDTH		// cell pixel width
 1477 1324 0A000000 			.word	CELLHGHT		// cell pixel height
 1478 1328 05000000 			.word	5			// glyph pixel width
ARM GAS  font_5x9.s 			page 27


 1479 132c 09000000 			.word	9			// glyph pixel height
 1480 1330 00000000 			.word	0			// blank horizontal pixels before glyph
 1481 1334 01000000 			.word	1			// blank horizontal pixels after glyph
 1482 1338 00000000 			.word	0			// blank horizontal lines before glyph
 1483 133c 01000000 			.word	1			// blank horizontal lines after glyph
 1484              							// bit mapped glyph
 1485 1340 00000088 			.word	0x88000000
 1486 1344 00000088 			.word	0x88000000
 1487 1348 00000088 			.word	0x88000000
 1488 134c 00000050 			.word	0x50000000
 1489 1350 00000020 			.word	0x20000000
 1490 1354 00000020 			.word	0x20000000
 1491 1358 00000020 			.word	0x20000000
 1492 135c 00000020 			.word	0x20000000
 1493 1360 00000020 			.word	0x20000000
 1494              	
 1495              	UPPERCASE_Z:
 1496 1364 5A000000 			.word	'Z			// ASCII "Z" character
 1497 1368 06000000 			.word	CELLWDTH		// cell pixel width
 1498 136c 0A000000 			.word	CELLHGHT		// cell pixel height
 1499 1370 05000000 			.word	5			// glyph pixel width
 1500 1374 09000000 			.word	9			// glyph pixel height
 1501 1378 00000000 			.word	0			// blank horizontal pixels before glyph
 1502 137c 01000000 			.word	1			// blank horizontal pixels after glyph
 1503 1380 00000000 			.word	0			// blank horizontal lines before glyph
 1504 1384 01000000 			.word	1			// blank horizontal lines after glyph
 1505              							// bit mapped glyph
 1506 1388 000000F8 			.word	0xF8000000
 1507 138c 00000008 			.word	0x08000000
 1508 1390 00000010 			.word	0x10000000
 1509 1394 00000010 			.word	0x10000000
 1510 1398 00000020 			.word	0x20000000
 1511 139c 00000040 			.word	0x40000000
 1512 13a0 00000040 			.word	0x40000000
 1513 13a4 00000080 			.word	0x80000000
 1514 13a8 000000F8 			.word	0xF8000000
 1515              	
 1516              	LEFT_SQUARE_BRACKET:
 1517 13ac 5B000000 			.word	'[			// ASCII "[" character
 1518 13b0 04000000 			.word	4			// cell pixel width (Note: proportional width)
 1519 13b4 0A000000 			.word	CELLHGHT		// cell pixel height
 1520 13b8 03000000 			.word	3			// glyph pixel width
 1521 13bc 09000000 			.word	9			// glyph pixel height
 1522 13c0 00000000 			.word	0			// blank horizontal pixels before glyph
 1523 13c4 01000000 			.word	1			// blank horizontal pixels after glyph
 1524 13c8 00000000 			.word	0			// blank horizontal lines before glyph
 1525 13cc 01000000 			.word	1			// blank horizontal lines after glyph
 1526              							// bit mapped glyph
 1527 13d0 000000E0 			.word	0xE0000000
 1528 13d4 00000080 			.word	0x80000000
 1529 13d8 00000080 			.word	0x80000000
 1530 13dc 00000080 			.word	0x80000000
 1531 13e0 00000080 			.word	0x80000000
 1532 13e4 00000080 			.word	0x80000000
 1533 13e8 00000080 			.word	0x80000000
 1534 13ec 00000080 			.word	0x80000000
 1535 13f0 000000E0 			.word	0xE0000000
ARM GAS  font_5x9.s 			page 28


 1536              	
 1537              	BACK_SLASH:
 1538 13f4 5C000000 			.word	'\\			// ASCII "\" character
 1539 13f8 06000000 			.word	CELLWDTH		// cell pixel width
 1540 13fc 0A000000 			.word	CELLHGHT		// cell pixel height
 1541 1400 05000000 			.word	5			// glyph pixel width
 1542 1404 09000000 			.word	9			// glyph pixel height
 1543 1408 00000000 			.word	0			// blank horizontal pixels before glyph
 1544 140c 01000000 			.word	1			// blank horizontal pixels after glyph
 1545 1410 00000000 			.word	0			// blank horizontal lines before glyph
 1546 1414 01000000 			.word	1			// blank horizontal lines after glyph
 1547              							// bit mapped glyph
 1548 1418 00000080 			.word	0x80000000
 1549 141c 00000080 			.word	0x80000000
 1550 1420 00000040 			.word	0x40000000
 1551 1424 00000040 			.word	0x40000000
 1552 1428 00000020 			.word	0x20000000
 1553 142c 00000010 			.word	0x10000000
 1554 1430 00000010 			.word	0x10000000
 1555 1434 00000008 			.word	0x08000000
 1556 1438 00000008 			.word	0x08000000
 1557              	
 1558              	RIGHT_SQUARE_BRACKET:
 1559 143c 5D000000 			.word	']			// ASCII "]" character
 1560 1440 04000000 			.word	4			// cell pixel width (Note: proportional width)
 1561 1444 0A000000 			.word	CELLHGHT		// cell pixel height
 1562 1448 03000000 			.word	3			// glyph pixel width
 1563 144c 09000000 			.word	9			// glyph pixel height
 1564 1450 00000000 			.word	0			// blank horizontal pixels before glyph
 1565 1454 01000000 			.word	1			// blank horizontal pixels after glyph
 1566 1458 00000000 			.word	0			// blank horizontal lines before glyph
 1567 145c 01000000 			.word	1			// blank horizontal lines after glyph
 1568              							// bit mapped glyph
 1569 1460 000000E0 			.word	0xE0000000
 1570 1464 00000020 			.word	0x20000000
 1571 1468 00000020 			.word	0x20000000
 1572 146c 00000020 			.word	0x20000000
 1573 1470 00000020 			.word	0x20000000
 1574 1474 00000020 			.word	0x20000000
 1575 1478 00000020 			.word	0x20000000
 1576 147c 00000020 			.word	0x20000000
 1577 1480 000000E0 			.word	0xE0000000
 1578              	
 1579              	CARROT:
 1580 1484 5E000000 			.word	'^			// ASCII "^" character
 1581 1488 06000000 			.word	CELLWDTH		// cell pixel width
 1582 148c 0A000000 			.word	CELLHGHT		// cell pixel height
 1583 1490 05000000 			.word	5			// glyph pixel width
 1584 1494 03000000 			.word	3			// glyph pixel height
 1585 1498 00000000 			.word	0			// blank horizontal pixels before glyph
 1586 149c 01000000 			.word	1			// blank horizontal pixels after glyph
 1587 14a0 00000000 			.word	0			// blank horizontal lines before glyph
 1588 14a4 07000000 			.word	7			// blank horizontal lines after glyph
 1589              							// bit mapped glyph
 1590 14a8 00000020 			.word	0x20000000
 1591 14ac 00000050 			.word	0x50000000
 1592 14b0 00000088 			.word	0x88000000
ARM GAS  font_5x9.s 			page 29


 1593              	
 1594              	UNDERSCORE:
 1595 14b4 5F000000 			.word	'_			// ASCII "_" character
 1596 14b8 06000000 			.word	CELLWDTH		// cell pixel width
 1597 14bc 0A000000 			.word	CELLHGHT		// cell pixel height
 1598 14c0 05000000 			.word	5			// glyph pixel width
 1599 14c4 01000000 			.word	1			// glyph pixel height
 1600 14c8 00000000 			.word	0			// blank horizontal pixels before glyph
 1601 14cc 01000000 			.word	1			// blank horizontal pixels after glyph
 1602 14d0 09000000 			.word	9			// blank horizontal lines before glyph
 1603 14d4 00000000 			.word	0			// blank horizontal lines after glyph
 1604              							// bit mapped glyph
 1605 14d8 000000F8 			.word	0xF8000000
 1606              	
 1607              	ACCENT_MARK:
 1608 14dc 60000000 			.word	'`			// ASCII "`" character
 1609 14e0 04000000 			.word	4			// cell pixel width (Note: proportional width)
 1610 14e4 0A000000 			.word	CELLHGHT		// cell pixel height
 1611 14e8 02000000 			.word	2			// glyph pixel width
 1612 14ec 03000000 			.word	3			// glyph pixel height
 1613 14f0 01000000 			.word	1			// blank horizontal pixels before glyph
 1614 14f4 01000000 			.word	1			// blank horizontal pixels after glyph
 1615 14f8 00000000 			.word	0			// blank horizontal lines before glyph
 1616 14fc 07000000 			.word	7			// blank horizontal lines after glyph
 1617              							// bit mapped glyph
 1618 1500 00000080 			.word	0x80000000
 1619 1504 00000080 			.word	0x80000000
 1620 1508 00000040 			.word	0x40000000
 1621              	
 1622              	LOWERCASE_A:
 1623 150c 61000000 			.word	'a			// ASCII "a" character
 1624 1510 06000000 			.word	CELLWDTH		// cell pixel width
 1625 1514 0A000000 			.word	CELLHGHT		// cell pixel height
 1626 1518 05000000 			.word	5			// glyph pixel width
 1627 151c 06000000 			.word	6			// glyph pixel height
 1628 1520 00000000 			.word	0			// blank horizontal pixels before glyph
 1629 1524 01000000 			.word	1			// blank horizontal pixels after glyph
 1630 1528 03000000 			.word	3			// blank horizontal lines before glyph
 1631 152c 01000000 			.word	1			// blank horizontal lines after glyph
 1632              							// bit mapped glyph
 1633 1530 00000070 			.word	0x70000000
 1634 1534 00000008 			.word	0x08000000
 1635 1538 00000078 			.word	0x78000000
 1636 153c 00000088 			.word	0x88000000
 1637 1540 00000088 			.word	0x88000000
 1638 1544 00000078 			.word	0x78000000
 1639              	
 1640              	LOWERCASE_B:
 1641 1548 62000000 			.word	'b			// ASCII "b" character
 1642 154c 06000000 			.word	CELLWDTH		// cell pixel width
 1643 1550 0A000000 			.word	CELLHGHT		// cell pixel height
 1644 1554 05000000 			.word	5			// glyph pixel width
 1645 1558 09000000 			.word	9			// glyph pixel height
 1646 155c 00000000 			.word	0			// blank horizontal pixels before glyph
 1647 1560 01000000 			.word	1			// blank horizontal pixels after glyph
 1648 1564 00000000 			.word	0			// blank horizontal lines before glyph
 1649 1568 01000000 			.word	1			// blank horizontal lines after glyph
ARM GAS  font_5x9.s 			page 30


 1650              							// bit mapped glyph
 1651 156c 00000080 			.word	0x80000000
 1652 1570 00000080 			.word	0x80000000
 1653 1574 00000080 			.word	0x80000000
 1654 1578 000000B0 			.word	0xB0000000
 1655 157c 000000C8 			.word	0xC8000000
 1656 1580 00000088 			.word	0x88000000
 1657 1584 00000088 			.word	0x88000000
 1658 1588 00000088 			.word	0x88000000
 1659 158c 000000F0 			.word	0xF0000000
 1660              	
 1661              	LOWERCASE_C:
 1662 1590 63000000 			.word	'c			// ASCII "c" character
 1663 1594 06000000 			.word	CELLWDTH		// cell pixel width
 1664 1598 0A000000 			.word	CELLHGHT		// cell pixel height
 1665 159c 05000000 			.word	5			// glyph pixel width
 1666 15a0 06000000 			.word	6			// glyph pixel height
 1667 15a4 00000000 			.word	0			// blank horizontal pixels before glyph
 1668 15a8 01000000 			.word	1			// blank horizontal pixels after glyph
 1669 15ac 03000000 			.word	3			// blank horizontal lines before glyph
 1670 15b0 01000000 			.word	1			// blank horizontal lines after glyph
 1671              							// bit mapped glyph
 1672 15b4 00000070 			.word	0x70000000
 1673 15b8 00000088 			.word	0x88000000
 1674 15bc 00000080 			.word	0x80000000
 1675 15c0 00000080 			.word	0x80000000
 1676 15c4 00000088 			.word	0x88000000
 1677 15c8 00000070 			.word	0x70000000
 1678              	
 1679              	LOWERCASE_D:
 1680 15cc 64000000 			.word	'd			// ASCII "d" character
 1681 15d0 06000000 			.word	CELLWDTH		// cell pixel width
 1682 15d4 0A000000 			.word	CELLHGHT		// cell pixel height
 1683 15d8 05000000 			.word	5			// glyph pixel width
 1684 15dc 09000000 			.word	9			// glyph pixel height
 1685 15e0 00000000 			.word	0			// blank horizontal pixels before glyph
 1686 15e4 01000000 			.word	1			// blank horizontal pixels after glyph
 1687 15e8 00000000 			.word	0			// blank horizontal lines before glyph
 1688 15ec 01000000 			.word	1			// blank horizontal lines after glyph
 1689              							// bit mapped glyph
 1690 15f0 00000008 			.word	0x08000000
 1691 15f4 00000008 			.word	0x08000000
 1692 15f8 00000008 			.word	0x08000000
 1693 15fc 00000068 			.word	0x68000000
 1694 1600 00000098 			.word	0x98000000
 1695 1604 00000088 			.word	0x88000000
 1696 1608 00000088 			.word	0x88000000
 1697 160c 00000088 			.word	0x88000000
 1698 1610 00000078 			.word	0x78000000
 1699              	
 1700              	LOWERCASE_E:
 1701 1614 65000000 			.word	'e			// ASCII "e" character
 1702 1618 06000000 			.word	CELLWDTH		// cell pixel width
 1703 161c 0A000000 			.word	CELLHGHT		// cell pixel height
 1704 1620 05000000 			.word	5			// glyph pixel width
 1705 1624 06000000 			.word	6			// glyph pixel height
 1706 1628 00000000 			.word	0			// blank horizontal pixels before glyph
ARM GAS  font_5x9.s 			page 31


 1707 162c 01000000 			.word	1			// blank horizontal pixels after glyph
 1708 1630 03000000 			.word	3			// blank horizontal lines before glyph
 1709 1634 01000000 			.word	1			// blank horizontal lines after glyph
 1710              							// bit mapped glyph
 1711 1638 00000070 			.word	0x70000000
 1712 163c 00000088 			.word	0x88000000
 1713 1640 000000F8 			.word	0xF8000000
 1714 1644 00000080 			.word	0x80000000
 1715 1648 00000088 			.word	0x88000000
 1716 164c 00000070 			.word	0x70000000
 1717              	
 1718              	LOWERCASE_F:
 1719 1650 66000000 			.word	'f			// ASCII "f" character
 1720 1654 06000000 			.word	CELLWDTH		// cell pixel width
 1721 1658 0A000000 			.word	CELLHGHT		// cell pixel height
 1722 165c 05000000 			.word	5			// glyph pixel width
 1723 1660 09000000 			.word	9			// glyph pixel height
 1724 1664 00000000 			.word	0			// blank horizontal pixels before glyph
 1725 1668 01000000 			.word	1			// blank horizontal pixels after glyph
 1726 166c 00000000 			.word	0			// blank horizontal lines before glyph
 1727 1670 01000000 			.word	1			// blank horizontal lines after glyph
 1728              							// bit mapped glyph
 1729 1674 00000030 			.word	0x30000000
 1730 1678 00000048 			.word	0x48000000
 1731 167c 00000040 			.word	0x40000000
 1732 1680 00000040 			.word	0x40000000
 1733 1684 000000F0 			.word	0xF0000000
 1734 1688 00000040 			.word	0x40000000
 1735 168c 00000040 			.word	0x40000000
 1736 1690 00000040 			.word	0x40000000
 1737 1694 00000040 			.word	0x40000000
 1738              	
 1739              	LOWERCASE_G:
 1740 1698 67000000 			.word	'g			// ASCII "g" character
 1741 169c 06000000 			.word	CELLWDTH		// cell pixel width
 1742 16a0 0A000000 			.word	CELLHGHT		// cell pixel height
 1743 16a4 05000000 			.word	5			// glyph pixel width
 1744 16a8 07000000 			.word	7			// glyph pixel height
 1745 16ac 00000000 			.word	0			// blank horizontal pixels before glyph
 1746 16b0 01000000 			.word	1			// blank horizontal pixels after glyph
 1747 16b4 03000000 			.word	3			// blank horizontal lines before glyph
 1748 16b8 00000000 			.word	0			// blank horizontal lines after glyph
 1749              							// bit mapped glyph
 1750 16bc 000000F8 			.word	0xF8000000
 1751 16c0 00000088 			.word	0x88000000
 1752 16c4 00000088 			.word	0x88000000
 1753 16c8 00000098 			.word	0x98000000
 1754 16cc 00000068 			.word	0x68000000
 1755 16d0 00000008 			.word	0x08000000
 1756 16d4 00000070 			.word	0x70000000
 1757              	
 1758              	LOWERCASE_H:
 1759 16d8 68000000 			.word	'h			// ASCII "h" character
 1760 16dc 06000000 			.word	CELLWDTH		// cell pixel width
 1761 16e0 0A000000 			.word	CELLHGHT		// cell pixel height
 1762 16e4 05000000 			.word	5			// glyph pixel width
 1763 16e8 09000000 			.word	9			// glyph pixel height
ARM GAS  font_5x9.s 			page 32


 1764 16ec 00000000 			.word	0			// blank horizontal pixels before glyph
 1765 16f0 01000000 			.word	1			// blank horizontal pixels after glyph
 1766 16f4 00000000 			.word	0			// blank horizontal lines before glyph
 1767 16f8 01000000 			.word	1			// blank horizontal lines after glyph
 1768              							// bit mapped glyph
 1769 16fc 00000080 			.word	0x80000000
 1770 1700 00000080 			.word	0x80000000
 1771 1704 00000080 			.word	0x80000000
 1772 1708 000000F0 			.word	0xF0000000
 1773 170c 00000088 			.word	0x88000000
 1774 1710 00000088 			.word	0x88000000
 1775 1714 00000088 			.word	0x88000000
 1776 1718 00000088 			.word	0x88000000
 1777 171c 00000088 			.word	0x88000000
 1778              	
 1779              	LOWERCASE_I:
 1780 1720 69000000 			.word	'i			// ASCII "i" character
 1781 1724 06000000 			.word	CELLWDTH		// cell pixel width
 1782 1728 0A000000 			.word	CELLHGHT		// cell pixel height
 1783 172c 03000000 			.word	3			// glyph pixel width
 1784 1730 08000000 			.word	8			// glyph pixel height
 1785 1734 01000000 			.word	1			// blank horizontal pixels before glyph
 1786 1738 02000000 			.word	2			// blank horizontal pixels after glyph
 1787 173c 01000000 			.word	1			// blank horizontal lines before glyph
 1788 1740 01000000 			.word	1			// blank horizontal lines after glyph
 1789              							// bit mapped glyph
 1790 1744 00000040 			.word	0x40000000
 1791 1748 00000000 			.word	0x00000000
 1792 174c 000000C0 			.word	0xC0000000
 1793 1750 00000040 			.word	0x40000000
 1794 1754 00000040 			.word	0x40000000
 1795 1758 00000040 			.word	0x40000000
 1796 175c 00000040 			.word	0x40000000
 1797 1760 000000E0 			.word	0xE0000000
 1798              	
 1799              	LOWERCASE_J:
 1800 1764 6A000000 			.word	'j			// ASCII "j" character
 1801 1768 06000000 			.word	CELLWDTH		// cell pixel width
 1802 176c 0A000000 			.word	CELLHGHT		// cell pixel height
 1803 1770 04000000 			.word	4			// glyph pixel width
 1804 1774 09000000 			.word	9			// glyph pixel height
 1805 1778 00000000 			.word	0			// blank horizontal pixels before glyph
 1806 177c 02000000 			.word	2			// blank horizontal pixels after glyph
 1807 1780 01000000 			.word	1			// blank horizontal lines before glyph
 1808 1784 00000000 			.word	0			// blank horizontal lines after glyph
 1809              							// bit mapped glyph
 1810 1788 00000010 			.word	0x10000000
 1811 178c 00000000 			.word	0x00000000
 1812 1790 00000030 			.word	0x30000000
 1813 1794 00000010 			.word	0x10000000
 1814 1798 00000010 			.word	0x10000000
 1815 179c 00000010 			.word	0x10000000
 1816 17a0 00000010 			.word	0x10000000
 1817 17a4 00000090 			.word	0x90000000
 1818 17a8 00000060 			.word	0x60000000
 1819              	
 1820              	LOWERCASE_K:
ARM GAS  font_5x9.s 			page 33


 1821 17ac 6B000000 			.word	'k			// ASCII "k" character
 1822 17b0 06000000 			.word	CELLWDTH		// cell pixel width
 1823 17b4 0A000000 			.word	CELLHGHT		// cell pixel height
 1824 17b8 05000000 			.word	5			// glyph pixel width
 1825 17bc 09000000 			.word	9			// glyph pixel height
 1826 17c0 00000000 			.word	0			// blank horizontal pixels before glyph
 1827 17c4 01000000 			.word	1			// blank horizontal pixels after glyph
 1828 17c8 00000000 			.word	0			// blank horizontal lines before glyph
 1829 17cc 01000000 			.word	1			// blank horizontal lines after glyph
 1830              							// bit mapped glyph
 1831 17d0 00000080 			.word	0x80000000
 1832 17d4 00000080 			.word	0x80000000
 1833 17d8 00000080 			.word	0x80000000
 1834 17dc 00000088 			.word	0x88000000
 1835 17e0 00000090 			.word	0x90000000
 1836 17e4 000000E0 			.word	0xE0000000
 1837 17e8 000000A0 			.word	0xA0000000
 1838 17ec 00000090 			.word	0x90000000
 1839 17f0 00000088 			.word	0x88000000
 1840              	
 1841              	LOWERCASE_L:
 1842 17f4 6C000000 			.word	'l			// ASCII "l" character
 1843 17f8 06000000 			.word	CELLWDTH		// cell pixel width
 1844 17fc 0A000000 			.word	CELLHGHT		// cell pixel height
 1845 1800 03000000 			.word	3			// glyph pixel width
 1846 1804 09000000 			.word	9			// glyph pixel height
 1847 1808 01000000 			.word	1			// blank horizontal pixels before glyph
 1848 180c 02000000 			.word	2			// blank horizontal pixels after glyph
 1849 1810 00000000 			.word	0			// blank horizontal lines before glyph
 1850 1814 01000000 			.word	1			// blank horizontal lines after glyph
 1851              							// bit mapped glyph
 1852 1818 000000C0 			.word	0xC0000000
 1853 181c 00000040 			.word	0x40000000
 1854 1820 00000040 			.word	0x40000000
 1855 1824 00000040 			.word	0x40000000
 1856 1828 00000040 			.word	0x40000000
 1857 182c 00000040 			.word	0x40000000
 1858 1830 00000040 			.word	0x40000000
 1859 1834 00000040 			.word	0x40000000
 1860 1838 000000E0 			.word	0xE0000000
 1861              	
 1862              	LOWERCASE_M:
 1863 183c 6D000000 			.word	'm			// ASCII "m" character
 1864 1840 06000000 			.word	CELLWDTH		// cell pixel width
 1865 1844 0A000000 			.word	CELLHGHT		// cell pixel height
 1866 1848 05000000 			.word	5			// glyph pixel width
 1867 184c 06000000 			.word	6			// glyph pixel height
 1868 1850 00000000 			.word	0			// blank horizontal pixels before glyph
 1869 1854 01000000 			.word	1			// blank horizontal pixels after glyph
 1870 1858 03000000 			.word	3			// blank horizontal lines before glyph
 1871 185c 01000000 			.word	1			// blank horizontal lines after glyph
 1872              							// bit mapped glyph
 1873 1860 000000D0 			.word	0xD0000000
 1874 1864 000000A8 			.word	0xA8000000
 1875 1868 000000A8 			.word	0xA8000000
 1876 186c 000000A8 			.word	0xA8000000
 1877 1870 000000A8 			.word	0xA8000000
ARM GAS  font_5x9.s 			page 34


 1878 1874 000000A8 			.word	0xA8000000
 1879              	
 1880              	LOWERCASE_N:
 1881 1878 6E000000 			.word	'n			// ASCII "n" character
 1882 187c 06000000 			.word	CELLWDTH		// cell pixel width
 1883 1880 0A000000 			.word	CELLHGHT		// cell pixel height
 1884 1884 05000000 			.word	5			// glyph pixel width
 1885 1888 06000000 			.word	6			// glyph pixel height
 1886 188c 00000000 			.word	0			// blank horizontal pixels before glyph
 1887 1890 01000000 			.word	1			// blank horizontal pixels after glyph
 1888 1894 03000000 			.word	3			// blank horizontal lines before glyph
 1889 1898 01000000 			.word	1			// blank horizontal lines after glyph
 1890              							// bit mapped glyph
 1891 189c 000000B0 			.word	0xB0000000
 1892 18a0 000000C8 			.word	0xC8000000
 1893 18a4 00000088 			.word	0x88000000
 1894 18a8 00000088 			.word	0x88000000
 1895 18ac 00000088 			.word	0x88000000
 1896 18b0 00000088 			.word	0x88000000
 1897              	
 1898              	LOWERCASE_O:
 1899 18b4 6F000000 			.word	'o			// ASCII "o" character
 1900 18b8 06000000 			.word	CELLWDTH		// cell pixel width
 1901 18bc 0A000000 			.word	CELLHGHT		// cell pixel height
 1902 18c0 05000000 			.word	5			// glyph pixel width
 1903 18c4 06000000 			.word	6			// glyph pixel height
 1904 18c8 00000000 			.word	0			// blank horizontal pixels before glyph
 1905 18cc 01000000 			.word	1			// blank horizontal pixels after glyph
 1906 18d0 03000000 			.word	3			// blank horizontal lines before glyph
 1907 18d4 01000000 			.word	1			// blank horizontal lines after glyph
 1908              							// bit mapped glyph
 1909 18d8 00000070 			.word	0x70000000
 1910 18dc 00000088 			.word	0x88000000
 1911 18e0 00000088 			.word	0x88000000
 1912 18e4 00000088 			.word	0x88000000
 1913 18e8 00000088 			.word	0x88000000
 1914 18ec 00000070 			.word	0x70000000
 1915              	
 1916              	LOWERCASE_P:
 1917 18f0 70000000 			.word	'p			// ASCII "p" character
 1918 18f4 06000000 			.word	CELLWDTH		// cell pixel width
 1919 18f8 0A000000 			.word	CELLHGHT		// cell pixel height
 1920 18fc 05000000 			.word	5			// glyph pixel width
 1921 1900 07000000 			.word	7			// glyph pixel height
 1922 1904 00000000 			.word	0			// blank horizontal pixels before glyph
 1923 1908 01000000 			.word	1			// blank horizontal pixels after glyph
 1924 190c 03000000 			.word	3			// blank horizontal lines before glyph
 1925 1910 00000000 			.word	0			// blank horizontal lines after glyph
 1926              							// bit mapped glyph
 1927 1914 000000F0 			.word	0xF0000000
 1928 1918 00000088 			.word	0x88000000
 1929 191c 00000088 			.word	0x88000000
 1930 1920 00000088 			.word	0x88000000
 1931 1924 000000F0 			.word	0xF0000000
 1932 1928 00000080 			.word	0x80000000
 1933 192c 00000080 			.word	0x80000000
 1934              	
ARM GAS  font_5x9.s 			page 35


 1935              	LOWERCASE_Q:
 1936 1930 71000000 			.word	'q			// ASCII "q" character
 1937 1934 06000000 			.word	CELLWDTH		// cell pixel width
 1938 1938 0A000000 			.word	CELLHGHT		// cell pixel height
 1939 193c 05000000 			.word	5			// glyph pixel width
 1940 1940 07000000 			.word	7			// glyph pixel height
 1941 1944 00000000 			.word	0			// blank horizontal pixels before glyph
 1942 1948 01000000 			.word	1			// blank horizontal pixels after glyph
 1943 194c 03000000 			.word	3			// blank horizontal lines before glyph
 1944 1950 00000000 			.word	0			// blank horizontal lines after glyph
 1945              							// bit mapped glyph
 1946 1954 00000070 			.word	0x70000000
 1947 1958 00000088 			.word	0x88000000
 1948 195c 00000088 			.word	0x88000000
 1949 1960 00000088 			.word	0x88000000
 1950 1964 00000078 			.word	0x78000000
 1951 1968 00000008 			.word	0x08000000
 1952 196c 00000008 			.word	0x08000000
 1953              	
 1954              	LOWERCASE_R:
 1955 1970 72000000 			.word	'r			// ASCII "r" character
 1956 1974 06000000 			.word	CELLWDTH		// cell pixel width
 1957 1978 0A000000 			.word	CELLHGHT		// cell pixel height
 1958 197c 05000000 			.word	5			// glyph pixel width
 1959 1980 06000000 			.word	6			// glyph pixel height
 1960 1984 00000000 			.word	0			// blank horizontal pixels before glyph
 1961 1988 01000000 			.word	1			// blank horizontal pixels after glyph
 1962 198c 03000000 			.word	3			// blank horizontal lines before glyph
 1963 1990 01000000 			.word	1			// blank horizontal lines after glyph
 1964              							// bit mapped glyph
 1965 1994 000000B0 			.word	0xB0000000
 1966 1998 000000C8 			.word	0xC8000000
 1967 199c 00000080 			.word	0x80000000
 1968 19a0 00000080 			.word	0x80000000
 1969 19a4 00000080 			.word	0x80000000
 1970 19a8 00000080 			.word	0x80000000
 1971              	
 1972              	LOWERCASE_S:
 1973 19ac 73000000 			.word	's			// ASCII "s" character
 1974 19b0 06000000 			.word	CELLWDTH		// cell pixel width
 1975 19b4 0A000000 			.word	CELLHGHT		// cell pixel height
 1976 19b8 05000000 			.word	5			// glyph pixel width
 1977 19bc 06000000 			.word	6			// glyph pixel height
 1978 19c0 00000000 			.word	0			// blank horizontal pixels before glyph
 1979 19c4 01000000 			.word	1			// blank horizontal pixels after glyph
 1980 19c8 03000000 			.word	3			// blank horizontal lines before glyph
 1981 19cc 01000000 			.word	1			// blank horizontal lines after glyph
 1982              							// bit mapped glyph
 1983 19d0 00000070 			.word	0x70000000
 1984 19d4 00000080 			.word	0x80000000
 1985 19d8 00000070 			.word	0x70000000
 1986 19dc 00000008 			.word	0x08000000
 1987 19e0 00000088 			.word	0x88000000
 1988 19e4 00000070 			.word	0x70000000
 1989              	
 1990              	LOWERCASE_T:
 1991 19e8 74000000 			.word	't			// ASCII "t" character
ARM GAS  font_5x9.s 			page 36


 1992 19ec 06000000 			.word	CELLWDTH		// cell pixel width
 1993 19f0 0A000000 			.word	CELLHGHT		// cell pixel height
 1994 19f4 05000000 			.word	5			// glyph pixel width
 1995 19f8 09000000 			.word	9			// glyph pixel height
 1996 19fc 00000000 			.word	0			// blank horizontal pixels before glyph
 1997 1a00 01000000 			.word	1			// blank horizontal pixels after glyph
 1998 1a04 00000000 			.word	0			// blank horizontal lines before glyph
 1999 1a08 01000000 			.word	1			// blank horizontal lines after glyph
 2000              							// bit mapped glyph
 2001 1a0c 00000040 			.word	0x40000000
 2002 1a10 00000040 			.word	0x40000000
 2003 1a14 00000040 			.word	0x40000000
 2004 1a18 000000F0 			.word	0xF0000000
 2005 1a1c 00000040 			.word	0x40000000
 2006 1a20 00000040 			.word	0x40000000
 2007 1a24 00000040 			.word	0x40000000
 2008 1a28 00000048 			.word	0x48000000
 2009 1a2c 00000030 			.word	0x30000000
 2010              	
 2011              	LOWERCASE_U:
 2012 1a30 75000000 			.word	'u			// ASCII "u" character
 2013 1a34 06000000 			.word	CELLWDTH		// cell pixel width
 2014 1a38 0A000000 			.word	CELLHGHT		// cell pixel height
 2015 1a3c 05000000 			.word	5			// glyph pixel width
 2016 1a40 06000000 			.word	6			// glyph pixel height
 2017 1a44 00000000 			.word	0			// blank horizontal pixels before glyph
 2018 1a48 01000000 			.word	1			// blank horizontal pixels after glyph
 2019 1a4c 03000000 			.word	3			// blank horizontal lines before glyph
 2020 1a50 01000000 			.word	1			// blank horizontal lines after glyph
 2021              							// bit mapped glyph
 2022 1a54 00000088 			.word	0x88000000
 2023 1a58 00000088 			.word	0x88000000
 2024 1a5c 00000088 			.word	0x88000000
 2025 1a60 00000088 			.word	0x88000000
 2026 1a64 00000098 			.word	0x98000000
 2027 1a68 00000068 			.word	0x68000000
 2028              	
 2029              	LOWERCASE_V:
 2030 1a6c 76000000 			.word	'v			// ASCII "v" character
 2031 1a70 06000000 			.word	CELLWDTH		// cell pixel width
 2032 1a74 0A000000 			.word	CELLHGHT		// cell pixel height
 2033 1a78 05000000 			.word	5			// glyph pixel width
 2034 1a7c 06000000 			.word	6			// glyph pixel height
 2035 1a80 00000000 			.word	0			// blank horizontal pixels before glyph
 2036 1a84 01000000 			.word	1			// blank horizontal pixels after glyph
 2037 1a88 03000000 			.word	3			// blank horizontal lines before glyph
 2038 1a8c 01000000 			.word	1			// blank horizontal lines after glyph
 2039              							// bit mapped glyph
 2040 1a90 00000088 			.word	0x88000000
 2041 1a94 00000088 			.word	0x88000000
 2042 1a98 00000050 			.word	0x50000000
 2043 1a9c 00000050 			.word	0x50000000
 2044 1aa0 00000020 			.word	0x20000000
 2045 1aa4 00000020 			.word	0x20000000
 2046              	
 2047              	LOWERCASE_W:
 2048 1aa8 77000000 			.word	'w			// ASCII "w" character
ARM GAS  font_5x9.s 			page 37


 2049 1aac 06000000 			.word	CELLWDTH		// cell pixel width
 2050 1ab0 0A000000 			.word	CELLHGHT		// cell pixel height
 2051 1ab4 05000000 			.word	5			// glyph pixel width
 2052 1ab8 06000000 			.word	6			// glyph pixel height
 2053 1abc 00000000 			.word	0			// blank horizontal pixels before glyph
 2054 1ac0 01000000 			.word	1			// blank horizontal pixels after glyph
 2055 1ac4 03000000 			.word	3			// blank horizontal lines before glyph
 2056 1ac8 01000000 			.word	1			// blank horizontal lines after glyph
 2057              							// bit mapped glyph
 2058 1acc 00000088 			.word	0x88000000
 2059 1ad0 00000088 			.word	0x88000000
 2060 1ad4 000000A8 			.word	0xA8000000
 2061 1ad8 000000A8 			.word	0xA8000000
 2062 1adc 00000050 			.word	0x50000000
 2063 1ae0 00000050 			.word	0x50000000
 2064              	
 2065              	LOWERCASE_X:
 2066 1ae4 78000000 			.word	'x			// ASCII "x" character
 2067 1ae8 06000000 			.word	CELLWDTH		// cell pixel width
 2068 1aec 0A000000 			.word	CELLHGHT		// cell pixel height
 2069 1af0 05000000 			.word	5			// glyph pixel width
 2070 1af4 06000000 			.word	6			// glyph pixel height
 2071 1af8 00000000 			.word	0			// blank horizontal pixels before glyph
 2072 1afc 01000000 			.word	1			// blank horizontal pixels after glyph
 2073 1b00 03000000 			.word	3			// blank horizontal lines before glyph
 2074 1b04 01000000 			.word	1			// blank horizontal lines after glyph
 2075              							// bit mapped glyph
 2076 1b08 00000088 			.word	0x88000000
 2077 1b0c 00000050 			.word	0x50000000
 2078 1b10 00000020 			.word	0x20000000
 2079 1b14 00000020 			.word	0x20000000
 2080 1b18 00000050 			.word	0x50000000
 2081 1b1c 00000088 			.word	0x88000000
 2082              	
 2083              	LOWERCASE_Y:
 2084 1b20 79000000 			.word	'y			// ASCII "y" character
 2085 1b24 06000000 			.word	CELLWDTH		// cell pixel width
 2086 1b28 0A000000 			.word	CELLHGHT		// cell pixel height
 2087 1b2c 05000000 			.word	5			// glyph pixel width
 2088 1b30 07000000 			.word	7			// glyph pixel height
 2089 1b34 00000000 			.word	0			// blank horizontal pixels before glyph
 2090 1b38 01000000 			.word	1			// blank horizontal pixels after glyph
 2091 1b3c 03000000 			.word	3			// blank horizontal lines before glyph
 2092 1b40 00000000 			.word	0			// blank horizontal lines after glyph
 2093              							// bit mapped glyph
 2094 1b44 00000088 			.word	0x88000000
 2095 1b48 00000088 			.word	0x88000000
 2096 1b4c 00000050 			.word	0x50000000
 2097 1b50 00000050 			.word	0x50000000
 2098 1b54 00000020 			.word	0x20000000
 2099 1b58 00000040 			.word	0x40000000
 2100 1b5c 00000080 			.word	0x80000000
 2101              	
 2102              	LOWERCASE_Z:
 2103 1b60 7A000000 			.word	'z			// ASCII "z" character
 2104 1b64 06000000 			.word	CELLWDTH		// cell pixel width
 2105 1b68 0A000000 			.word	CELLHGHT		// cell pixel height
ARM GAS  font_5x9.s 			page 38


 2106 1b6c 05000000 			.word	5			// glyph pixel width
 2107 1b70 06000000 			.word	6			// glyph pixel height
 2108 1b74 00000000 			.word	0			// blank horizontal pixels before glyph
 2109 1b78 01000000 			.word	1			// blank horizontal pixels after glyph
 2110 1b7c 03000000 			.word	3			// blank horizontal lines before glyph
 2111 1b80 01000000 			.word	1			// blank horizontal lines after glyph
 2112              							// bit mapped glyph
 2113 1b84 000000F8 			.word	0xF8000000
 2114 1b88 00000010 			.word	0x10000000
 2115 1b8c 00000020 			.word	0x20000000
 2116 1b90 00000040 			.word	0x40000000
 2117 1b94 00000080 			.word	0x80000000
 2118 1b98 000000F8 			.word	0xF8000000
 2119              	
 2120              	LEFT_CURLY_BRACKET:
 2121 1b9c 7B000000 			.word	'{			// ASCII "{" character
 2122 1ba0 05000000 			.word	5			// cell pixel width (Note: proportional width)
 2123 1ba4 0A000000 			.word	CELLHGHT		// cell pixel height
 2124 1ba8 04000000 			.word	4			// glyph pixel width
 2125 1bac 09000000 			.word	9			// glyph pixel height
 2126 1bb0 00000000 			.word	0			// blank horizontal pixels before glyph
 2127 1bb4 01000000 			.word	1			// blank horizontal pixels after glyph
 2128 1bb8 00000000 			.word	0			// blank horizontal lines before glyph
 2129 1bbc 01000000 			.word	1			// blank horizontal lines after glyph
 2130              							// bit mapped glyph
 2131 1bc0 00000030 			.word	0x30000000
 2132 1bc4 00000040 			.word	0x40000000
 2133 1bc8 00000040 			.word	0x40000000
 2134 1bcc 00000040 			.word	0x40000000
 2135 1bd0 00000080 			.word	0x80000000
 2136 1bd4 00000040 			.word	0x40000000
 2137 1bd8 00000040 			.word	0x40000000
 2138 1bdc 00000040 			.word	0x40000000
 2139 1be0 00000030 			.word	0x30000000
 2140              	
 2141              	VERTCIAL_LINE:
 2142 1be4 7C000000 			.word	'|			// ASCII "|" character
 2143 1be8 02000000 			.word	2			// cell pixel width (Note: proportional width)
 2144 1bec 0A000000 			.word	CELLHGHT		// cell pixel height
 2145 1bf0 01000000 			.word	1			// glyph pixel width
 2146 1bf4 09000000 			.word	9			// glyph pixel height
 2147 1bf8 00000000 			.word	0			// blank horizontal pixels before glyph
 2148 1bfc 01000000 			.word	1			// blank horizontal pixels after glyph
 2149 1c00 00000000 			.word	0			// blank horizontal lines before glyph
 2150 1c04 01000000 			.word	1			// blank horizontal lines after glyph
 2151              							// bit mapped glyph
 2152 1c08 00000080 			.word	0x80000000
 2153 1c0c 00000080 			.word	0x80000000
 2154 1c10 00000080 			.word	0x80000000
 2155 1c14 00000080 			.word	0x80000000
 2156 1c18 00000080 			.word	0x80000000
 2157 1c1c 00000080 			.word	0x80000000
 2158 1c20 00000080 			.word	0x80000000
 2159 1c24 00000080 			.word	0x80000000
 2160 1c28 00000080 			.word	0x80000000
 2161              	
 2162              	RIGHT_CURLY_BRACKET:
ARM GAS  font_5x9.s 			page 39


 2163 1c2c 7D000000 			.word	'}			// ASCII "}" character
 2164 1c30 05000000 			.word	5			// cell pixel width (Note: proportional width)
 2165 1c34 0A000000 			.word	CELLHGHT		// cell pixel height
 2166 1c38 04000000 			.word	4			// glyph pixel width
 2167 1c3c 09000000 			.word	9			// glyph pixel height
 2168 1c40 00000000 			.word	0			// blank horizontal pixels before glyph
 2169 1c44 01000000 			.word	1			// blank horizontal pixels after glyph
 2170 1c48 00000000 			.word	0			// blank horizontal lines before glyph
 2171 1c4c 01000000 			.word	1			// blank horizontal lines after glyph
 2172              							// bit mapped glyph
 2173 1c50 000000C0 			.word	0xC0000000
 2174 1c54 00000020 			.word	0x20000000
 2175 1c58 00000020 			.word	0x20000000
 2176 1c5c 00000020 			.word	0x20000000
 2177 1c60 00000010 			.word	0x10000000
 2178 1c64 00000020 			.word	0x20000000
 2179 1c68 00000020 			.word	0x20000000
 2180 1c6c 00000020 			.word	0x20000000
 2181 1c70 000000C0 			.word	0xC0000000
 2182              	
 2183              	TILDE:
 2184 1c74 7E000000 			.word	'~			// ASCII "~" character
 2185 1c78 06000000 			.word	CELLWDTH		// cell pixel width
 2186 1c7c 0A000000 			.word	CELLHGHT		// cell pixel height
 2187 1c80 05000000 			.word	5			// glyph pixel width
 2188 1c84 02000000 			.word	2			// glyph pixel height
 2189 1c88 00000000 			.word	0			// blank horizontal pixels before glyph
 2190 1c8c 01000000 			.word	1			// blank horizontal pixels after glyph
 2191 1c90 00000000 			.word	0			// blank horizontal lines before glyph
 2192 1c94 08000000 			.word	8			// blank horizontal lines after glyph
 2193              							// bit mapped glyph
 2194 1c98 00000068 			.word	0x68000000
 2195 1c9c 000000B0 			.word	0xB0000000
 2196 1ca0 00000000 			.word	0x00000000
 2197 1ca4 00000000 			.word	0x00000000
 2198 1ca8 00000000 			.word	0x00000000
 2199 1cac 00000000 			.word	0x00000000
 2200 1cb0 00000000 			.word	0x00000000
 2201 1cb4 00000000 			.word	0x00000000
 2202 1cb8 00000000 			.word	0x00000000
 2203              	
 2204              	HEX_0XF8:
 2205 1cbc 00000000 			.word	NULL			// no equivalent ASCII character
 2206 1cc0 04000000 			.word	4			// cell pixel width (Note: proportional width)
 2207 1cc4 0A000000 			.word	CELLHGHT		// cell pixel height
 2208 1cc8 03000000 			.word	3			// glyph pixel width
 2209 1ccc 03000000 			.word	3			// glyph pixel height
 2210 1cd0 00000000 			.word	0			// blank horizontal pixels before glyph
 2211 1cd4 01000000 			.word	1			// blank horizontal pixels after glyph
 2212 1cd8 00000000 			.word	0			// blank horizontal lines before glyph
 2213 1cdc 07000000 			.word	7			// blank horizontal lines after glyph
 2214              							// bit mapped glyph
 2215 1ce0 00000040 			.word	0x40000000
 2216 1ce4 000000A0 			.word	0xA0000000
 2217 1ce8 00000040 			.word	0x40000000
 2218              	
 2219              	HEX_0XFD:
ARM GAS  font_5x9.s 			page 40


 2220 1cec 00000000 			.word	NULL			// no equivalent ASCII character
 2221 1cf0 05000000 			.word	5			// cell pixel width (Note: proportional width)
 2222 1cf4 0A000000 			.word	CELLHGHT		// cell pixel height
 2223 1cf8 04000000 			.word	4			// glyph pixel width
 2224 1cfc 05000000 			.word	5			// glyph pixel height
 2225 1d00 00000000 			.word	0			// blank horizontal pixels before glyph
 2226 1d04 01000000 			.word	1			// blank horizontal pixels after glyph
 2227 1d08 00000000 			.word	0			// blank horizontal lines before glyph
 2228 1d0c 05000000 			.word	5			// blank horizontal lines after glyph
 2229              							// bit mapped glyph
 2230 1d10 00000060 			.word	0x60000000
 2231 1d14 00000090 			.word	0x90000000
 2232 1d18 00000020 			.word	0x20000000
 2233 1d1c 00000040 			.word	0x40000000
 2234 1d20 000000F0 			.word	0xF0000000
 2235              	
 2236              			.end
